_id,userId,name,email,mobile,dateOfBirth,gender,state,district,city,levelPlayed,representedTeam,height,weight,profilePicture
prof_0001,usr_0001,Priya Sharma,athlete001@demo.kreedatech.local,+91 7075810470,2001-06-08,female,Tamil Nadu,Chennai,T. Nagar,State,Rajasthan Royals Academy,156,56,https://api.dicebear.com/7.x/avataaars/svg?seed=Priya%20Sharma
prof_0002,usr_0002,Sonam Malhotra,athlete002@demo.kreedatech.local,+91 9747397696,2006-12-20,female,Haryana,Gurugram,Golf Course Road,State,Goa Athletics Association,158,58,https://api.dicebear.com/7.x/avataaars/svg?seed=Sonam%20Malhotra
prof_0003,usr_0003,Shruti Pandey,athlete003@demo.kreedatech.local,+91 9311853158,2002-12-04,female,Maharashtra,Mumbai,Thane,National,Tamil Nadu Tigers,157,60,https://api.dicebear.com/7.x/avataaars/svg?seed=Shruti%20Pandey
prof_0004,usr_0004,Sachin Deshmukh,athlete004@demo.kreedatech.local,+91 9754893274,1998-01-23,male,Punjab,Ludhiana,Civil Lines,District,Goa Athletics Association,171,68,https://api.dicebear.com/7.x/avataaars/svg?seed=Sachin%20Deshmukh
prof_0005,usr_0005,Kabir Banerjee,athlete005@demo.kreedatech.local,+91 9427040689,2006-11-06,male,Bihar,Patna,Rajendra Nagar,District,Rajasthan Royals Academy,170,82,https://api.dicebear.com/7.x/avataaars/svg?seed=Kabir%20Banerjee
prof_0006,usr_0006,Aman Dutta,athlete006@demo.kreedatech.local,+91 9462639510,1998-10-24,male,Haryana,Gurugram,Golf Course Road,District,Hyderabad Strikers,179,82,https://api.dicebear.com/7.x/avataaars/svg?seed=Aman%20Dutta
prof_0007,usr_0007,Sanjay Khanna,athlete007@demo.kreedatech.local,+91 9316466952,2002-05-21,male,Karnataka,Bangalore,Indiranagar,National,Kolkata Runners,192,75,https://api.dicebear.com/7.x/avataaars/svg?seed=Sanjay%20Khanna
prof_0008,usr_0008,Pooja Kapoor,athlete008@demo.kreedatech.local,+91 7053707304,2002-07-18,female,Bihar,Patna,Kankarbagh,State,UP Strikers,177,71,https://api.dicebear.com/7.x/avataaars/svg?seed=Pooja%20Kapoor
prof_0009,usr_0009,Priya Chawla,athlete009@demo.kreedatech.local,+91 8817671796,2007-01-10,female,Punjab,Ludhiana,Civil Lines,District,Mumbai Warriors AC,160,58,https://api.dicebear.com/7.x/avataaars/svg?seed=Priya%20Chawla
prof_0010,usr_0010,Anirudh Verma,athlete010@demo.kreedatech.local,+91 9851355438,2004-08-16,male,Telangana,Hyderabad,Banjara Hills,State,Mumbai Warriors AC,167,72,https://api.dicebear.com/7.x/avataaars/svg?seed=Anirudh%20Verma
prof_0011,usr_0011,Shiva Chowdhury,athlete011@demo.kreedatech.local,+91 9383307212,2000-08-07,male,Tamil Nadu,Chennai,T. Nagar,District,Punjab Lions FC,180,74,https://api.dicebear.com/7.x/avataaars/svg?seed=Shiva%20Chowdhury
prof_0012,usr_0012,Rohan Patel,athlete012@demo.kreedatech.local,+91 9332753873,1997-03-24,male,Uttar Pradesh,Kanpur,Civil Lines,National,Kerala Blasters Youth,169,74,https://api.dicebear.com/7.x/avataaars/svg?seed=Rohan%20Patel
prof_0013,usr_0013,Isha Mehta,athlete013@demo.kreedatech.local,+91 8810595351,2005-02-05,female,Delhi,Noida,Sector 137,District,Delhi Capitals Academy,159,54,https://api.dicebear.com/7.x/avataaars/svg?seed=Isha%20Mehta
prof_0014,usr_0014,Swati Tiwari,athlete014@demo.kreedatech.local,+91 8887618396,1997-04-26,female,Maharashtra,Nashik,Indira Nagar,District,Kerala Blasters Youth,174,56,https://api.dicebear.com/7.x/avataaars/svg?seed=Swati%20Tiwari
prof_0015,usr_0015,Suraj Patil,athlete015@demo.kreedatech.local,+91 9771788165,1998-07-08,male,Bihar,Patna,Kankarbagh,District,Kolkata Runners,190,72,https://api.dicebear.com/7.x/avataaars/svg?seed=Suraj%20Patil
prof_0016,usr_0016,Sameer Patil,athlete016@demo.kreedatech.local,+91 7024113476,2004-08-19,male,Maharashtra,Nagpur,Dharampeth,National,Rajasthan Royals Academy,167,65,https://api.dicebear.com/7.x/avataaars/svg?seed=Sameer%20Patil
prof_0017,usr_0017,Aarav Rao,athlete017@demo.kreedatech.local,+91 8722817893,1998-11-19,male,Punjab,Amritsar,Ranjit Avenue,District,Rajasthan Royals Academy,174,80,https://api.dicebear.com/7.x/avataaars/svg?seed=Aarav%20Rao
prof_0018,usr_0018,Priya Reddy,athlete018@demo.kreedatech.local,+91 9378691820,2003-08-15,female,Uttar Pradesh,Agra,Sanjay Place,District,Kerala Blasters Youth,166,58,https://api.dicebear.com/7.x/avataaars/svg?seed=Priya%20Reddy
prof_0019,usr_0019,Pooja Singh,athlete019@demo.kreedatech.local,+91 9323955929,2000-11-01,female,West Bengal,Kolkata,Salt Lake,District,Haryana Heroes,169,57,https://api.dicebear.com/7.x/avataaars/svg?seed=Pooja%20Singh
prof_0020,usr_0020,Deepak Mehta,athlete020@demo.kreedatech.local,+91 8720357373,1996-11-26,male,Maharashtra,Nashik,Panchavati,State,Rajasthan Royals Academy,172,79,https://api.dicebear.com/7.x/avataaars/svg?seed=Deepak%20Mehta
prof_0021,usr_0021,Praveen Pawar,athlete021@demo.kreedatech.local,+91 7048150760,2000-06-18,male,Tamil Nadu,Chennai,Velachery,District,Maharashtra Athletics Club,171,68,https://api.dicebear.com/7.x/avataaars/svg?seed=Praveen%20Pawar
prof_0022,usr_0022,Kavya Joshi,athlete022@demo.kreedatech.local,+91 9875655262,1998-07-17,female,Telangana,Hyderabad,Jubilee Hills,State,Kerala Blasters Youth,157,52,https://api.dicebear.com/7.x/avataaars/svg?seed=Kavya%20Joshi
prof_0023,usr_0023,Rohit Kapoor,athlete023@demo.kreedatech.local,+91 8876542838,2003-03-08,male,Uttar Pradesh,Agra,Sanjay Place,State,Rajasthan Royals Academy,189,87,https://api.dicebear.com/7.x/avataaars/svg?seed=Rohit%20Kapoor
prof_0024,usr_0024,Chetan Chowdhury,athlete024@demo.kreedatech.local,+91 9417036593,2008-03-09,male,Bihar,Patna,Boring Road,State,Punjab Lions FC,165,73,https://api.dicebear.com/7.x/avataaars/svg?seed=Chetan%20Chowdhury
prof_0025,usr_0025,Riya Patil,athlete025@demo.kreedatech.local,+91 9337834609,2008-09-27,female,Karnataka,Mysore,Vijayanagar,State,UP Strikers,156,56,https://api.dicebear.com/7.x/avataaars/svg?seed=Riya%20Patil
prof_0026,usr_0026,Priya Kumar,athlete026@demo.kreedatech.local,+91 9751786519,2004-02-20,female,Bihar,Patna,Rajendra Nagar,District,Tamil Nadu Tigers,170,59,https://api.dicebear.com/7.x/avataaars/svg?seed=Priya%20Kumar
prof_0027,usr_0027,Rohit Dutta,athlete027@demo.kreedatech.local,+91 9480340829,2003-07-05,male,West Bengal,Kolkata,Park Street,District,Goa Athletics Association,181,81,https://api.dicebear.com/7.x/avataaars/svg?seed=Rohit%20Dutta
prof_0028,usr_0028,Aditya Bhat,athlete028@demo.kreedatech.local,+91 7086088831,2008-12-25,male,Telangana,Hyderabad,Gachibowli,National,Goa Athletics Association,177,78,https://api.dicebear.com/7.x/avataaars/svg?seed=Aditya%20Bhat
prof_0029,usr_0029,Yash Menon,athlete029@demo.kreedatech.local,+91 9330660094,2000-05-11,male,Haryana,Gurugram,Sector 56,District,Tamil Nadu Tigers,174,71,https://api.dicebear.com/7.x/avataaars/svg?seed=Yash%20Menon
prof_0030,usr_0030,Rahul Patil,athlete030@demo.kreedatech.local,+91 9877554160,1997-08-21,male,Bihar,Patna,Rajendra Nagar,State,Mumbai Warriors AC,174,84,https://api.dicebear.com/7.x/avataaars/svg?seed=Rahul%20Patil
prof_0031,usr_0031,Rishabh Sethi,athlete031@demo.kreedatech.local,+91 8755694708,1997-07-01,male,Bihar,Patna,Rajendra Nagar,District,Maharashtra Athletics Club,179,79,https://api.dicebear.com/7.x/avataaars/svg?seed=Rishabh%20Sethi
prof_0032,usr_0032,Meera Das,athlete032@demo.kreedatech.local,+91 7047564894,2004-05-18,female,Punjab,Amritsar,Mall Road,State,North East United Academy,154,52,https://api.dicebear.com/7.x/avataaars/svg?seed=Meera%20Das
prof_0033,usr_0033,Geeta Sharma,athlete033@demo.kreedatech.local,+91 8762105103,2004-07-21,female,West Bengal,Kolkata,Park Street,District,Hyderabad Strikers,178,64,https://api.dicebear.com/7.x/avataaars/svg?seed=Geeta%20Sharma
prof_0034,usr_0034,Kiara Gowda,athlete034@demo.kreedatech.local,+91 7069678103,1997-11-13,female,Karnataka,Bangalore,Whitefield,District,Gujarat Giants Youth,170,66,https://api.dicebear.com/7.x/avataaars/svg?seed=Kiara%20Gowda
prof_0035,usr_0035,Aditya Joshi,athlete035@demo.kreedatech.local,+91 8841555328,1998-02-25,male,Telangana,Hyderabad,Madhapur,State,Delhi Capitals Academy,184,74,https://api.dicebear.com/7.x/avataaars/svg?seed=Aditya%20Joshi
prof_0036,usr_0036,Vikram Patil,athlete036@demo.kreedatech.local,+91 9462556465,1998-02-18,male,Bihar,Patna,Boring Road,National,Tamil Nadu Tigers,191,74,https://api.dicebear.com/7.x/avataaars/svg?seed=Vikram%20Patil
prof_0037,usr_0037,Rohan Sethi,athlete037@demo.kreedatech.local,+91 8830611023,2005-03-16,male,Uttar Pradesh,Kanpur,Kidwai Nagar,International,Tamil Nadu Tigers,176,76,https://api.dicebear.com/7.x/avataaars/svg?seed=Rohan%20Sethi
prof_0038,usr_0038,Deepak Tripathi,athlete038@demo.kreedatech.local,+91 9359582319,2006-12-07,male,Uttar Pradesh,Varanasi,Bhelupur,National,UP Strikers,188,86,https://api.dicebear.com/7.x/avataaars/svg?seed=Deepak%20Tripathi
prof_0039,usr_0039,Vihaan Malhotra,athlete039@demo.kreedatech.local,+91 9971990728,1998-11-26,male,Delhi,Noida,Sector 18,State,Tamil Nadu Tigers,189,74,https://api.dicebear.com/7.x/avataaars/svg?seed=Vihaan%20Malhotra
prof_0040,usr_0040,Amit Mukherjee,athlete040@demo.kreedatech.local,+91 9362050670,2007-08-15,male,Telangana,Hyderabad,Madhapur,State,Hyderabad Strikers,186,73,https://api.dicebear.com/7.x/avataaars/svg?seed=Amit%20Mukherjee
prof_0041,usr_0041,Ayaan Das,athlete041@demo.kreedatech.local,+91 8836551647,2003-04-22,male,Karnataka,Mysore,Vijayanagar,District,Mumbai Warriors AC,183,86,https://api.dicebear.com/7.x/avataaars/svg?seed=Ayaan%20Das
prof_0042,usr_0042,Tara Chowdhury,athlete042@demo.kreedatech.local,+91 9879947991,1997-04-22,female,Tamil Nadu,Madurai,Tallakulam,International,North East United Academy,171,70,https://api.dicebear.com/7.x/avataaars/svg?seed=Tara%20Chowdhury
prof_0043,usr_0043,Reyansh Reddy,athlete043@demo.kreedatech.local,+91 9962453379,1999-12-07,male,Telangana,Hyderabad,Banjara Hills,District,UP Strikers,184,85,https://api.dicebear.com/7.x/avataaars/svg?seed=Reyansh%20Reddy
prof_0044,usr_0044,Chahat Rao,athlete044@demo.kreedatech.local,+91 8836558813,1996-02-22,female,Bihar,Patna,Boring Road,District,Bengaluru Bulls Youth,164,67,https://api.dicebear.com/7.x/avataaars/svg?seed=Chahat%20Rao
prof_0045,usr_0045,Aditya Gowda,athlete045@demo.kreedatech.local,+91 9946251979,1996-08-21,male,Uttar Pradesh,Varanasi,Sigra,International,Kolkata Runners,175,77,https://api.dicebear.com/7.x/avataaars/svg?seed=Aditya%20Gowda
prof_0046,usr_0046,Manish Shetty,athlete046@demo.kreedatech.local,+91 8824220418,2003-01-18,male,Punjab,Amritsar,Mall Road,District,Mumbai Warriors AC,178,77,https://api.dicebear.com/7.x/avataaars/svg?seed=Manish%20Shetty
prof_0047,usr_0047,Myra Pillai,athlete047@demo.kreedatech.local,+91 7043816892,2005-06-05,female,Karnataka,Mangalore,Kodialbail,State,Mumbai Warriors AC,163,64,https://api.dicebear.com/7.x/avataaars/svg?seed=Myra%20Pillai
prof_0048,usr_0048,Swati Banerjee,athlete048@demo.kreedatech.local,+91 9920612879,2005-09-01,female,Uttar Pradesh,Lucknow,Gomti Nagar,District,Mumbai Warriors AC,177,73,https://api.dicebear.com/7.x/avataaars/svg?seed=Swati%20Banerjee
prof_0049,usr_0049,Dinesh Pandey,athlete049@demo.kreedatech.local,+91 9717106939,1999-08-10,male,West Bengal,Kolkata,Park Street,National,Bengaluru Bulls Youth,166,65,https://api.dicebear.com/7.x/avataaars/svg?seed=Dinesh%20Pandey
prof_0050,usr_0050,Pooja Verma,athlete050@demo.kreedatech.local,+91 9785047214,2006-04-11,female,Telangana,Hyderabad,Madhapur,State,North East United Academy,170,56,https://api.dicebear.com/7.x/avataaars/svg?seed=Pooja%20Verma
prof_0051,usr_0051,Tanvi Sen,athlete051@demo.kreedatech.local,+91 9331903669,2002-05-11,female,Tamil Nadu,Chennai,Adyar,District,Hyderabad Strikers,160,59,https://api.dicebear.com/7.x/avataaars/svg?seed=Tanvi%20Sen
prof_0052,usr_0052,Vandana Gupta,athlete052@demo.kreedatech.local,+91 7018223982,1996-07-23,female,Bihar,Patna,Boring Road,State,Goa Athletics Association,178,69,https://api.dicebear.com/7.x/avataaars/svg?seed=Vandana%20Gupta
prof_0053,usr_0053,Suresh Chawla,athlete053@demo.kreedatech.local,+91 8893927513,1999-01-01,male,Maharashtra,Mumbai,Borivali,State,Mumbai Warriors AC,184,77,https://api.dicebear.com/7.x/avataaars/svg?seed=Suresh%20Chawla
prof_0054,usr_0054,Payal Bose,athlete054@demo.kreedatech.local,+91 9722633792,2002-03-28,female,Karnataka,Mangalore,Kadri,International,UP Strikers,168,67,https://api.dicebear.com/7.x/avataaars/svg?seed=Payal%20Bose
prof_0055,usr_0055,Aman Dutta,athlete055@demo.kreedatech.local,+91 9831586441,1998-04-15,male,West Bengal,Kolkata,Ballygunge,District,Tamil Nadu Tigers,181,74,https://api.dicebear.com/7.x/avataaars/svg?seed=Aman%20Dutta
prof_0056,usr_0056,Vandana Mehta,athlete056@demo.kreedatech.local,+91 9767740743,2004-12-05,female,Uttar Pradesh,Agra,Taj Ganj,State,Delhi Capitals Academy,170,59,https://api.dicebear.com/7.x/avataaars/svg?seed=Vandana%20Mehta
prof_0057,usr_0057,Rohan Joshi,athlete057@demo.kreedatech.local,+91 7073692188,2007-02-28,male,Punjab,Ludhiana,Model Town,State,Kolkata Runners,169,68,https://api.dicebear.com/7.x/avataaars/svg?seed=Rohan%20Joshi
prof_0058,usr_0058,Yash Mukherjee,athlete058@demo.kreedatech.local,+91 9391965908,2002-11-04,male,Bihar,Patna,Rajendra Nagar,National,Tamil Nadu Tigers,192,77,https://api.dicebear.com/7.x/avataaars/svg?seed=Yash%20Mukherjee
prof_0059,usr_0059,Rashmi Malhotra,athlete059@demo.kreedatech.local,+91 9797322349,1997-05-27,female,Uttar Pradesh,Agra,Shahganj,District,Tamil Nadu Tigers,174,68,https://api.dicebear.com/7.x/avataaars/svg?seed=Rashmi%20Malhotra
prof_0060,usr_0060,Anushka Pillai,athlete060@demo.kreedatech.local,+91 9945584071,2002-04-07,female,Tamil Nadu,Madurai,KK Nagar,National,Kerala Blasters Youth,176,74,https://api.dicebear.com/7.x/avataaars/svg?seed=Anushka%20Pillai
prof_0061,usr_0061,Dinesh Mukherjee,athlete061@demo.kreedatech.local,+91 9712249267,2005-05-07,male,Delhi,Noida,Sector 18,District,Kolkata Runners,181,76,https://api.dicebear.com/7.x/avataaars/svg?seed=Dinesh%20Mukherjee
prof_0062,usr_0062,Anya Pawar,athlete062@demo.kreedatech.local,+91 7028102002,2005-08-09,female,West Bengal,Kolkata,Ballygunge,District,Bengaluru Bulls Youth,165,58,https://api.dicebear.com/7.x/avataaars/svg?seed=Anya%20Pawar
prof_0063,usr_0063,Shruti Menon,athlete063@demo.kreedatech.local,+91 9746854685,2006-04-17,female,Tamil Nadu,Chennai,Adyar,State,Tamil Nadu Tigers,160,53,https://api.dicebear.com/7.x/avataaars/svg?seed=Shruti%20Menon
prof_0064,usr_0064,Divya Kulkarni,athlete064@demo.kreedatech.local,+91 7010283174,2001-06-26,female,Haryana,Gurugram,DLF Phase 5,District,North East United Academy,174,73,https://api.dicebear.com/7.x/avataaars/svg?seed=Divya%20Kulkarni
prof_0065,usr_0065,Rahul Menon,athlete065@demo.kreedatech.local,+91 8756746862,2008-01-28,male,Delhi,Noida,Greater Noida,District,Delhi Capitals Academy,188,83,https://api.dicebear.com/7.x/avataaars/svg?seed=Rahul%20Menon
prof_0066,usr_0066,Anirudh Malhotra,athlete066@demo.kreedatech.local,+91 8750633648,2002-01-06,male,Punjab,Amritsar,Mall Road,State,Goa Athletics Association,175,81,https://api.dicebear.com/7.x/avataaars/svg?seed=Anirudh%20Malhotra
prof_0067,usr_0067,Rahul Singh,athlete067@demo.kreedatech.local,+91 8859722857,2001-11-16,male,Delhi,New Delhi,Connaught Place,State,Rajasthan Royals Academy,166,63,https://api.dicebear.com/7.x/avataaars/svg?seed=Rahul%20Singh
prof_0068,usr_0068,Dhruv Khanna,athlete068@demo.kreedatech.local,+91 9991643540,1997-06-06,male,Tamil Nadu,Chennai,Anna Nagar,District,Gujarat Giants Youth,185,83,https://api.dicebear.com/7.x/avataaars/svg?seed=Dhruv%20Khanna
prof_0069,usr_0069,Kunal Malhotra,athlete069@demo.kreedatech.local,+91 7047005406,1998-11-26,male,Tamil Nadu,Coimbatore,Peelamedu,State,Mumbai Warriors AC,186,89,https://api.dicebear.com/7.x/avataaars/svg?seed=Kunal%20Malhotra
prof_0070,usr_0070,Krishna Sethi,athlete070@demo.kreedatech.local,+91 9985501258,2008-04-12,male,Haryana,Gurugram,Golf Course Road,State,Mumbai Warriors AC,183,70,https://api.dicebear.com/7.x/avataaars/svg?seed=Krishna%20Sethi
prof_0071,usr_0071,Kavya Mukherjee,athlete071@demo.kreedatech.local,+91 9369520668,2008-11-18,female,Punjab,Amritsar,Ranjit Avenue,District,Tamil Nadu Tigers,162,57,https://api.dicebear.com/7.x/avataaars/svg?seed=Kavya%20Mukherjee
prof_0072,usr_0072,Deepak Malhotra,athlete072@demo.kreedatech.local,+91 9852729951,2005-09-12,male,Punjab,Ludhiana,Civil Lines,National,Kerala Blasters Youth,185,74,https://api.dicebear.com/7.x/avataaars/svg?seed=Deepak%20Malhotra
prof_0073,usr_0073,Yash Rao,athlete073@demo.kreedatech.local,+91 9992843209,2003-09-17,male,Telangana,Hyderabad,Jubilee Hills,State,Gujarat Giants Youth,192,83,https://api.dicebear.com/7.x/avataaars/svg?seed=Yash%20Rao
prof_0074,usr_0074,Kartik Tripathi,athlete074@demo.kreedatech.local,+91 7090325377,2008-05-18,male,Bihar,Patna,Kankarbagh,State,Hyderabad Strikers,178,69,https://api.dicebear.com/7.x/avataaars/svg?seed=Kartik%20Tripathi
prof_0075,usr_0075,Payal Khanna,athlete075@demo.kreedatech.local,+91 8712579849,2000-11-25,female,Bihar,Patna,Boring Road,State,Haryana Heroes,171,65,https://api.dicebear.com/7.x/avataaars/svg?seed=Payal%20Khanna
prof_0076,usr_0076,Vandana Sharma,athlete076@demo.kreedatech.local,+91 9820732195,1999-09-24,female,West Bengal,Kolkata,Park Street,District,North East United Academy,178,73,https://api.dicebear.com/7.x/avataaars/svg?seed=Vandana%20Sharma
prof_0077,usr_0077,Priya Agarwal,athlete077@demo.kreedatech.local,+91 9361724329,2008-09-25,female,Uttar Pradesh,Kanpur,Civil Lines,District,North East United Academy,157,52,https://api.dicebear.com/7.x/avataaars/svg?seed=Priya%20Agarwal
prof_0078,usr_0078,Neha Gupta,athlete078@demo.kreedatech.local,+91 7035978024,2001-01-07,female,Uttar Pradesh,Agra,Shahganj,State,Kerala Blasters Youth,163,60,https://api.dicebear.com/7.x/avataaars/svg?seed=Neha%20Gupta
prof_0079,usr_0079,Shreya Chawla,athlete079@demo.kreedatech.local,+91 8779621621,2005-09-18,female,Bihar,Patna,Kankarbagh,National,Rajasthan Royals Academy,163,68,https://api.dicebear.com/7.x/avataaars/svg?seed=Shreya%20Chawla
prof_0080,usr_0080,Payal Dutta,athlete080@demo.kreedatech.local,+91 9821398828,2008-11-27,female,Punjab,Amritsar,Mall Road,District,UP Strikers,167,63,https://api.dicebear.com/7.x/avataaars/svg?seed=Payal%20Dutta
prof_0081,usr_0081,Chahat Gupta,athlete081@demo.kreedatech.local,+91 9826443228,2005-07-03,female,Bihar,Patna,Boring Road,State,UP Strikers,178,73,https://api.dicebear.com/7.x/avataaars/svg?seed=Chahat%20Gupta
prof_0082,usr_0082,Aditya Mukherjee,athlete082@demo.kreedatech.local,+91 8865862033,1999-05-27,male,Maharashtra,Pune,Hinjewadi,State,Kerala Blasters Youth,187,79,https://api.dicebear.com/7.x/avataaars/svg?seed=Aditya%20Mukherjee
prof_0083,usr_0083,Praveen Sen,athlete083@demo.kreedatech.local,+91 9468254579,1997-11-21,male,West Bengal,Kolkata,New Town,International,Goa Athletics Association,182,78,https://api.dicebear.com/7.x/avataaars/svg?seed=Praveen%20Sen
prof_0084,usr_0084,Anirudh Bose,athlete084@demo.kreedatech.local,+91 8745907646,2001-02-20,male,Tamil Nadu,Madurai,Tallakulam,National,Kolkata Runners,168,69,https://api.dicebear.com/7.x/avataaars/svg?seed=Anirudh%20Bose
prof_0085,usr_0085,Rahul Verma,athlete085@demo.kreedatech.local,+91 8799471897,2007-06-28,male,West Bengal,Kolkata,Park Street,District,Tamil Nadu Tigers,187,82,https://api.dicebear.com/7.x/avataaars/svg?seed=Rahul%20Verma
prof_0086,usr_0086,Vihaan Malhotra,athlete086@demo.kreedatech.local,+91 9395660778,2001-01-04,male,Bihar,Patna,Rajendra Nagar,District,Delhi Capitals Academy,192,84,https://api.dicebear.com/7.x/avataaars/svg?seed=Vihaan%20Malhotra
prof_0087,usr_0087,Alok Dutta,athlete087@demo.kreedatech.local,+91 9415972621,1998-03-03,male,Karnataka,Bangalore,Indiranagar,District,Hyderabad Strikers,169,74,https://api.dicebear.com/7.x/avataaars/svg?seed=Alok%20Dutta
prof_0088,usr_0088,Sneha Shetty,athlete088@demo.kreedatech.local,+91 8757926342,2007-06-03,female,Telangana,Hyderabad,Banjara Hills,District,North East United Academy,176,65,https://api.dicebear.com/7.x/avataaars/svg?seed=Sneha%20Shetty
prof_0089,usr_0089,Deepak Verma,athlete089@demo.kreedatech.local,+91 7078082639,2001-11-16,male,West Bengal,Kolkata,Alipore,National,Bengaluru Bulls Youth,166,73,https://api.dicebear.com/7.x/avataaars/svg?seed=Deepak%20Verma
prof_0090,usr_0090,Rashmi Nayak,athlete090@demo.kreedatech.local,+91 9785758292,2000-02-07,female,West Bengal,Kolkata,Salt Lake,District,Delhi Capitals Academy,164,59,https://api.dicebear.com/7.x/avataaars/svg?seed=Rashmi%20Nayak
prof_0091,usr_0091,Deepak Bhat,athlete091@demo.kreedatech.local,+91 9991248595,2001-12-28,male,Tamil Nadu,Chennai,Anna Nagar,National,Tamil Nadu Tigers,178,82,https://api.dicebear.com/7.x/avataaars/svg?seed=Deepak%20Bhat
prof_0092,usr_0092,Isha Joshi,athlete092@demo.kreedatech.local,+91 9951115647,2007-09-28,female,Bihar,Patna,Kankarbagh,District,Kerala Blasters Youth,161,53,https://api.dicebear.com/7.x/avataaars/svg?seed=Isha%20Joshi
prof_0093,usr_0093,Nikhil Tripathi,athlete093@demo.kreedatech.local,+91 8835024819,2004-08-06,male,Delhi,New Delhi,Saket,National,Kolkata Runners,173,78,https://api.dicebear.com/7.x/avataaars/svg?seed=Nikhil%20Tripathi
prof_0094,usr_0094,Meera Verma,athlete094@demo.kreedatech.local,+91 9979475579,2003-12-20,female,Tamil Nadu,Madurai,KK Nagar,International,Kerala Blasters Youth,155,60,https://api.dicebear.com/7.x/avataaars/svg?seed=Meera%20Verma
prof_0095,usr_0095,Ayaan Mukherjee,athlete095@demo.kreedatech.local,+91 8760025659,1998-08-21,male,Karnataka,Hubli,Keshwapur,State,Rajasthan Royals Academy,191,76,https://api.dicebear.com/7.x/avataaars/svg?seed=Ayaan%20Mukherjee
prof_0096,usr_0096,Dev Menon,athlete096@demo.kreedatech.local,+91 9731594377,1997-06-06,male,Haryana,Gurugram,Sector 56,International,Gujarat Giants Youth,184,86,https://api.dicebear.com/7.x/avataaars/svg?seed=Dev%20Menon
prof_0097,usr_0097,Rajesh Gowda,athlete097@demo.kreedatech.local,+91 8837512477,2007-03-24,male,Uttar Pradesh,Varanasi,Bhelupur,District,Bengaluru Bulls Youth,176,77,https://api.dicebear.com/7.x/avataaars/svg?seed=Rajesh%20Gowda
prof_0098,usr_0098,Rashmi Menon,athlete098@demo.kreedatech.local,+91 7029815889,2001-02-08,female,West Bengal,Kolkata,New Town,District,Kolkata Runners,163,54,https://api.dicebear.com/7.x/avataaars/svg?seed=Rashmi%20Menon
prof_0099,usr_0099,Vandana Kapoor,athlete099@demo.kreedatech.local,+91 8763898308,2007-06-16,female,Bihar,Patna,Rajendra Nagar,National,Hyderabad Strikers,163,52,https://api.dicebear.com/7.x/avataaars/svg?seed=Vandana%20Kapoor
prof_0100,usr_0100,Myra Mishra,athlete100@demo.kreedatech.local,+91 9455534762,2007-06-24,female,Karnataka,Mangalore,Bejai,State,Hyderabad Strikers,177,71,https://api.dicebear.com/7.x/avataaars/svg?seed=Myra%20Mishra
prof_0101,usr_0101,Anirudh Pandey,athlete101@demo.kreedatech.local,+91 9423629355,2002-04-10,male,Punjab,Ludhiana,Sarabha Nagar,State,Kolkata Runners,191,88,https://api.dicebear.com/7.x/avataaars/svg?seed=Anirudh%20Pandey
prof_0102,usr_0102,Nisha Gowda,athlete102@demo.kreedatech.local,+91 9978038580,1996-06-08,female,Maharashtra,Pune,Kothrud,District,Gujarat Giants Youth,168,64,https://api.dicebear.com/7.x/avataaars/svg?seed=Nisha%20Gowda
prof_0103,usr_0103,Neeraj Singh,athlete103@demo.kreedatech.local,+91 8764286342,2004-06-01,male,Haryana,Gurugram,Sector 56,District,Rajasthan Royals Academy,176,70,https://api.dicebear.com/7.x/avataaars/svg?seed=Neeraj%20Singh
prof_0104,usr_0104,Diya Chowdhury,athlete104@demo.kreedatech.local,+91 9865387710,2006-03-04,female,Bihar,Patna,Boring Road,State,Bengaluru Bulls Youth,163,59,https://api.dicebear.com/7.x/avataaars/svg?seed=Diya%20Chowdhury
prof_0105,usr_0105,Ayush Verma,athlete105@demo.kreedatech.local,+91 9883414367,2006-12-01,male,Uttar Pradesh,Lucknow,Gomti Nagar,State,UP Strikers,165,73,https://api.dicebear.com/7.x/avataaars/svg?seed=Ayush%20Verma
prof_0106,usr_0106,Karan Chowdhury,athlete106@demo.kreedatech.local,+91 9744304578,2006-01-08,male,Delhi,Noida,Greater Noida,District,Gujarat Giants Youth,180,83,https://api.dicebear.com/7.x/avataaars/svg?seed=Karan%20Chowdhury
prof_0107,usr_0107,Chahat Singh,athlete107@demo.kreedatech.local,+91 9830125179,2002-06-17,female,Delhi,New Delhi,Connaught Place,State,Tamil Nadu Tigers,157,63,https://api.dicebear.com/7.x/avataaars/svg?seed=Chahat%20Singh
prof_0108,usr_0108,Dev Chowdhury,athlete108@demo.kreedatech.local,+91 8739980039,1999-09-02,male,Haryana,Gurugram,Golf Course Road,National,Rajasthan Royals Academy,179,84,https://api.dicebear.com/7.x/avataaars/svg?seed=Dev%20Chowdhury
prof_0109,usr_0109,Divya Gupta,athlete109@demo.kreedatech.local,+91 8775480134,2006-02-24,female,Telangana,Hyderabad,Madhapur,State,Goa Athletics Association,164,69,https://api.dicebear.com/7.x/avataaars/svg?seed=Divya%20Gupta
prof_0110,usr_0110,Bhavna Sharma,athlete110@demo.kreedatech.local,+91 9438972976,2003-06-27,female,Uttar Pradesh,Kanpur,Civil Lines,District,Haryana Heroes,162,57,https://api.dicebear.com/7.x/avataaars/svg?seed=Bhavna%20Sharma
prof_0111,usr_0111,Pooja Pawar,athlete111@demo.kreedatech.local,+91 9419555968,2008-01-08,female,Haryana,Gurugram,Sector 56,State,Goa Athletics Association,155,56,https://api.dicebear.com/7.x/avataaars/svg?seed=Pooja%20Pawar
prof_0112,usr_0112,Krishna Singh,athlete112@demo.kreedatech.local,+91 9947061775,2007-11-12,male,Punjab,Ludhiana,Sarabha Nagar,District,Goa Athletics Association,189,81,https://api.dicebear.com/7.x/avataaars/svg?seed=Krishna%20Singh
prof_0113,usr_0113,Tanvi Nair,athlete113@demo.kreedatech.local,+91 9410171004,2004-12-20,female,West Bengal,Kolkata,Alipore,State,Kerala Blasters Youth,157,58,https://api.dicebear.com/7.x/avataaars/svg?seed=Tanvi%20Nair
prof_0114,usr_0114,Aman Bhasin,athlete114@demo.kreedatech.local,+91 8714670711,2002-07-01,male,Uttar Pradesh,Kanpur,Kidwai Nagar,District,Maharashtra Athletics Club,176,69,https://api.dicebear.com/7.x/avataaars/svg?seed=Aman%20Bhasin
prof_0115,usr_0115,Vihaan Pandey,athlete115@demo.kreedatech.local,+91 9854423058,2008-12-04,male,Uttar Pradesh,Lucknow,Hazratganj,State,Delhi Capitals Academy,178,69,https://api.dicebear.com/7.x/avataaars/svg?seed=Vihaan%20Pandey
prof_0116,usr_0116,Shiva Gupta,athlete116@demo.kreedatech.local,+91 9467689008,1998-11-20,male,Haryana,Gurugram,DLF Phase 5,District,Delhi Capitals Academy,188,90,https://api.dicebear.com/7.x/avataaars/svg?seed=Shiva%20Gupta
prof_0117,usr_0117,Krishna Shetty,athlete117@demo.kreedatech.local,+91 9759506206,2003-09-15,male,West Bengal,Kolkata,Park Street,State,Haryana Heroes,187,82,https://api.dicebear.com/7.x/avataaars/svg?seed=Krishna%20Shetty
prof_0118,usr_0118,Suman Mehta,athlete118@demo.kreedatech.local,+91 9832682120,1999-07-15,female,Uttar Pradesh,Agra,Shahganj,State,Punjab Lions FC,161,63,https://api.dicebear.com/7.x/avataaars/svg?seed=Suman%20Mehta
prof_0119,usr_0119,Rishabh Bhat,athlete119@demo.kreedatech.local,+91 8826234818,2001-07-04,male,Bihar,Patna,Kankarbagh,District,Bengaluru Bulls Youth,190,91,https://api.dicebear.com/7.x/avataaars/svg?seed=Rishabh%20Bhat
prof_0120,usr_0120,Sneha Banerjee,athlete120@demo.kreedatech.local,+91 9750074511,1999-08-27,female,West Bengal,Kolkata,Park Street,National,North East United Academy,158,63,https://api.dicebear.com/7.x/avataaars/svg?seed=Sneha%20Banerjee
prof_0121,usr_0121,Reyansh Verma,athlete121@demo.kreedatech.local,+91 9341525639,2003-11-25,male,Punjab,Amritsar,Ranjit Avenue,State,Hyderabad Strikers,173,81,https://api.dicebear.com/7.x/avataaars/svg?seed=Reyansh%20Verma
prof_0122,usr_0122,Sachin Singh,athlete122@demo.kreedatech.local,+91 7089964231,2006-01-10,male,Maharashtra,Nagpur,Dharampeth,District,Haryana Heroes,168,77,https://api.dicebear.com/7.x/avataaars/svg?seed=Sachin%20Singh
prof_0123,usr_0123,Praveen Menon,athlete123@demo.kreedatech.local,+91 8753853861,1998-09-26,male,Delhi,Noida,Sector 62,State,Delhi Capitals Academy,167,80,https://api.dicebear.com/7.x/avataaars/svg?seed=Praveen%20Menon
prof_0124,usr_0124,Vikram Menon,athlete124@demo.kreedatech.local,+91 7023533465,1997-01-08,male,Uttar Pradesh,Kanpur,Civil Lines,National,Haryana Heroes,189,77,https://api.dicebear.com/7.x/avataaars/svg?seed=Vikram%20Menon
prof_0125,usr_0125,Diya Patil,athlete125@demo.kreedatech.local,+91 8763776444,2005-10-19,female,Delhi,New Delhi,Saket,State,Mumbai Warriors AC,157,55,https://api.dicebear.com/7.x/avataaars/svg?seed=Diya%20Patil
prof_0126,usr_0126,Ayaan Khanna,athlete126@demo.kreedatech.local,+91 8834139512,2004-03-15,male,Tamil Nadu,Coimbatore,Peelamedu,State,Gujarat Giants Youth,178,78,https://api.dicebear.com/7.x/avataaars/svg?seed=Ayaan%20Khanna
prof_0127,usr_0127,Atharv Tiwari,athlete127@demo.kreedatech.local,+91 9893170943,2005-07-27,male,Tamil Nadu,Madurai,KK Nagar,National,Gujarat Giants Youth,166,76,https://api.dicebear.com/7.x/avataaars/svg?seed=Atharv%20Tiwari
prof_0128,usr_0128,Krishna Nair,athlete128@demo.kreedatech.local,+91 9350392329,2007-08-04,male,Telangana,Hyderabad,Madhapur,State,UP Strikers,190,78,https://api.dicebear.com/7.x/avataaars/svg?seed=Krishna%20Nair
prof_0129,usr_0129,Abhishek Kulkarni,athlete129@demo.kreedatech.local,+91 9935029049,1996-04-28,male,Tamil Nadu,Chennai,Velachery,State,Punjab Lions FC,171,67,https://api.dicebear.com/7.x/avataaars/svg?seed=Abhishek%20Kulkarni
prof_0130,usr_0130,Ananya Khanna,athlete130@demo.kreedatech.local,+91 8865124597,1997-06-13,female,West Bengal,Kolkata,New Town,District,Haryana Heroes,155,65,https://api.dicebear.com/7.x/avataaars/svg?seed=Ananya%20Khanna
prof_0131,usr_0131,Sakshi Bose,athlete131@demo.kreedatech.local,+91 8841309655,1999-04-07,female,Bihar,Patna,Boring Road,National,Haryana Heroes,178,73,https://api.dicebear.com/7.x/avataaars/svg?seed=Sakshi%20Bose
prof_0132,usr_0132,Neha Menon,athlete132@demo.kreedatech.local,+91 8816811031,2003-11-18,female,Uttar Pradesh,Varanasi,Bhelupur,State,Punjab Lions FC,162,65,https://api.dicebear.com/7.x/avataaars/svg?seed=Neha%20Menon
prof_0133,usr_0133,Shiva Menon,athlete133@demo.kreedatech.local,+91 9419985587,1997-05-06,male,West Bengal,Kolkata,New Town,National,Tamil Nadu Tigers,179,73,https://api.dicebear.com/7.x/avataaars/svg?seed=Shiva%20Menon
prof_0134,usr_0134,Shiva Agarwal,athlete134@demo.kreedatech.local,+91 8774966062,2005-01-17,male,Haryana,Gurugram,Golf Course Road,District,Hyderabad Strikers,183,81,https://api.dicebear.com/7.x/avataaars/svg?seed=Shiva%20Agarwal
prof_0135,usr_0135,Suraj Kapoor,athlete135@demo.kreedatech.local,+91 8846113878,1999-02-05,male,Uttar Pradesh,Kanpur,Kidwai Nagar,State,Tamil Nadu Tigers,190,80,https://api.dicebear.com/7.x/avataaars/svg?seed=Suraj%20Kapoor
prof_0136,usr_0136,Reyansh Malhotra,athlete136@demo.kreedatech.local,+91 9863847803,2003-11-12,male,Bihar,Patna,Rajendra Nagar,State,Kerala Blasters Youth,180,70,https://api.dicebear.com/7.x/avataaars/svg?seed=Reyansh%20Malhotra
prof_0137,usr_0137,Sachin Pawar,athlete137@demo.kreedatech.local,+91 9745287643,1998-12-11,male,Delhi,Noida,Sector 62,District,Gujarat Giants Youth,186,78,https://api.dicebear.com/7.x/avataaars/svg?seed=Sachin%20Pawar
prof_0138,usr_0138,Kriti Patil,athlete138@demo.kreedatech.local,+91 9853428728,1997-10-17,female,Karnataka,Mangalore,Kodialbail,District,North East United Academy,157,52,https://api.dicebear.com/7.x/avataaars/svg?seed=Kriti%20Patil
prof_0139,usr_0139,Suraj Nayak,athlete139@demo.kreedatech.local,+91 8728353605,2005-12-17,male,Telangana,Hyderabad,Madhapur,State,Rajasthan Royals Academy,192,81,https://api.dicebear.com/7.x/avataaars/svg?seed=Suraj%20Nayak
prof_0140,usr_0140,Myra Mishra,athlete140@demo.kreedatech.local,+91 9985212746,2000-06-05,female,Haryana,Gurugram,Sector 56,State,Kolkata Runners,158,63,https://api.dicebear.com/7.x/avataaars/svg?seed=Myra%20Mishra
prof_0141,usr_0141,Shiva Kumar,athlete141@demo.kreedatech.local,+91 9782156535,1997-12-19,male,Karnataka,Mysore,Gokulam,District,Mumbai Warriors AC,183,77,https://api.dicebear.com/7.x/avataaars/svg?seed=Shiva%20Kumar
prof_0142,usr_0142,Anirudh Patil,athlete142@demo.kreedatech.local,+91 9721351164,2004-11-04,male,Haryana,Gurugram,Sector 56,District,Gujarat Giants Youth,178,75,https://api.dicebear.com/7.x/avataaars/svg?seed=Anirudh%20Patil
prof_0143,usr_0143,Suraj Pandey,athlete143@demo.kreedatech.local,+91 9769713429,1999-11-20,male,West Bengal,Kolkata,Ballygunge,State,Gujarat Giants Youth,171,75,https://api.dicebear.com/7.x/avataaars/svg?seed=Suraj%20Pandey
prof_0144,usr_0144,Shreya Bhasin,athlete144@demo.kreedatech.local,+91 9889158257,2001-03-04,female,Delhi,New Delhi,Dwarka,National,UP Strikers,162,55,https://api.dicebear.com/7.x/avataaars/svg?seed=Shreya%20Bhasin
prof_0145,usr_0145,Kabir Chowdhury,athlete145@demo.kreedatech.local,+91 8824144333,2001-05-17,male,Telangana,Hyderabad,Jubilee Hills,State,UP Strikers,170,75,https://api.dicebear.com/7.x/avataaars/svg?seed=Kabir%20Chowdhury
prof_0146,usr_0146,Sneha Yadav,athlete146@demo.kreedatech.local,+91 9857397709,1996-01-05,female,Uttar Pradesh,Lucknow,Gomti Nagar,National,Delhi Capitals Academy,154,59,https://api.dicebear.com/7.x/avataaars/svg?seed=Sneha%20Yadav
prof_0147,usr_0147,Alok Nair,athlete147@demo.kreedatech.local,+91 9992786714,2004-12-23,male,Uttar Pradesh,Agra,Dayalbagh,District,Hyderabad Strikers,172,76,https://api.dicebear.com/7.x/avataaars/svg?seed=Alok%20Nair
prof_0148,usr_0148,Siddharth Sen,athlete148@demo.kreedatech.local,+91 9959324043,1996-08-09,male,West Bengal,Kolkata,New Town,State,Bengaluru Bulls Youth,174,75,https://api.dicebear.com/7.x/avataaars/svg?seed=Siddharth%20Sen
prof_0149,usr_0149,Tanvi Pawar,athlete149@demo.kreedatech.local,+91 9464913318,2003-02-13,female,Tamil Nadu,Chennai,Tambaram,State,Goa Athletics Association,172,55,https://api.dicebear.com/7.x/avataaars/svg?seed=Tanvi%20Pawar
prof_0150,usr_0150,Kavya Agarwal,athlete150@demo.kreedatech.local,+91 9728050425,2007-01-20,female,Telangana,Hyderabad,Banjara Hills,District,Haryana Heroes,171,56,https://api.dicebear.com/7.x/avataaars/svg?seed=Kavya%20Agarwal
prof_0151,usr_0151,Alok Bose,athlete151@demo.kreedatech.local,+91 9988989373,2003-12-14,male,Tamil Nadu,Madurai,Tallakulam,State,Mumbai Warriors AC,189,77,https://api.dicebear.com/7.x/avataaars/svg?seed=Alok%20Bose
prof_0152,usr_0152,Varun Gowda,athlete152@demo.kreedatech.local,+91 8855844720,2003-10-05,male,Bihar,Patna,Rajendra Nagar,District,Kerala Blasters Youth,168,79,https://api.dicebear.com/7.x/avataaars/svg?seed=Varun%20Gowda
prof_0153,usr_0153,Manish Rao,athlete153@demo.kreedatech.local,+91 9352863746,2007-04-20,male,Telangana,Hyderabad,Gachibowli,State,Bengaluru Bulls Youth,183,82,https://api.dicebear.com/7.x/avataaars/svg?seed=Manish%20Rao
prof_0154,usr_0154,Sakshi Das,athlete154@demo.kreedatech.local,+91 9947713009,2000-04-17,female,Bihar,Patna,Boring Road,State,North East United Academy,169,54,https://api.dicebear.com/7.x/avataaars/svg?seed=Sakshi%20Das
prof_0155,usr_0155,Kartik Mehta,athlete155@demo.kreedatech.local,+91 9482680518,1998-06-22,male,Punjab,Ludhiana,Sarabha Nagar,State,UP Strikers,173,67,https://api.dicebear.com/7.x/avataaars/svg?seed=Kartik%20Mehta
prof_0156,usr_0156,Aditya Sharma,athlete156@demo.kreedatech.local,+91 8876054336,1997-01-24,male,Delhi,New Delhi,Connaught Place,National,UP Strikers,192,77,https://api.dicebear.com/7.x/avataaars/svg?seed=Aditya%20Sharma
prof_0157,usr_0157,Ananya Tripathi,athlete157@demo.kreedatech.local,+91 9924254890,2006-04-19,female,Maharashtra,Pune,Baner,District,Mumbai Warriors AC,178,57,https://api.dicebear.com/7.x/avataaars/svg?seed=Ananya%20Tripathi
prof_0158,usr_0158,Rahul Bhat,athlete158@demo.kreedatech.local,+91 8791749953,1999-12-27,male,Punjab,Amritsar,Ranjit Avenue,National,Goa Athletics Association,191,73,https://api.dicebear.com/7.x/avataaars/svg?seed=Rahul%20Bhat
prof_0159,usr_0159,Praveen Sen,athlete159@demo.kreedatech.local,+91 7094820855,1996-11-11,male,Haryana,Gurugram,Sector 56,District,Delhi Capitals Academy,189,85,https://api.dicebear.com/7.x/avataaars/svg?seed=Praveen%20Sen
prof_0160,usr_0160,Sameer Joshi,athlete160@demo.kreedatech.local,+91 9858608142,1999-05-07,male,Punjab,Ludhiana,Model Town,District,North East United Academy,184,81,https://api.dicebear.com/7.x/avataaars/svg?seed=Sameer%20Joshi
prof_0161,usr_0161,Kavya Sethi,athlete161@demo.kreedatech.local,+91 9857040370,2007-10-20,female,Tamil Nadu,Coimbatore,Peelamedu,State,Mumbai Warriors AC,165,58,https://api.dicebear.com/7.x/avataaars/svg?seed=Kavya%20Sethi
prof_0162,usr_0162,Siddharth Pillai,athlete162@demo.kreedatech.local,+91 9468401464,1997-11-23,male,Maharashtra,Nagpur,Dharampeth,State,Rajasthan Royals Academy,191,82,https://api.dicebear.com/7.x/avataaars/svg?seed=Siddharth%20Pillai
prof_0163,usr_0163,Karan Reddy,athlete163@demo.kreedatech.local,+91 9388669049,1996-04-02,male,Delhi,New Delhi,Dwarka,State,Punjab Lions FC,172,67,https://api.dicebear.com/7.x/avataaars/svg?seed=Karan%20Reddy
prof_0164,usr_0164,Rohit Sharma,athlete164@demo.kreedatech.local,+91 9771243167,1999-02-22,male,Uttar Pradesh,Agra,Sanjay Place,District,Gujarat Giants Youth,171,67,https://api.dicebear.com/7.x/avataaars/svg?seed=Rohit%20Sharma
prof_0165,usr_0165,Rohit Yadav,athlete165@demo.kreedatech.local,+91 9477645114,2004-08-23,male,West Bengal,Kolkata,New Town,District,Rajasthan Royals Academy,184,72,https://api.dicebear.com/7.x/avataaars/svg?seed=Rohit%20Yadav
prof_0166,usr_0166,Sanjay Mishra,athlete166@demo.kreedatech.local,+91 8779081774,2006-12-21,male,Karnataka,Mangalore,Kadri,District,Kerala Blasters Youth,173,76,https://api.dicebear.com/7.x/avataaars/svg?seed=Sanjay%20Mishra
prof_0167,usr_0167,Sunita Deshmukh,athlete167@demo.kreedatech.local,+91 7086454212,2005-08-19,female,Punjab,Ludhiana,Sarabha Nagar,International,Kolkata Runners,161,58,https://api.dicebear.com/7.x/avataaars/svg?seed=Sunita%20Deshmukh
prof_0168,usr_0168,Bhavna Kulkarni,athlete168@demo.kreedatech.local,+91 9984558069,2004-09-23,female,West Bengal,Kolkata,Salt Lake,State,Hyderabad Strikers,170,61,https://api.dicebear.com/7.x/avataaars/svg?seed=Bhavna%20Kulkarni
prof_0169,usr_0169,Atharv Agarwal,athlete169@demo.kreedatech.local,+91 8820839884,2000-01-21,male,Tamil Nadu,Coimbatore,Gandhipuram,District,Goa Athletics Association,173,74,https://api.dicebear.com/7.x/avataaars/svg?seed=Atharv%20Agarwal
prof_0170,usr_0170,Aditya Pandey,athlete170@demo.kreedatech.local,+91 7091530303,2007-06-24,male,Maharashtra,Nagpur,Sadar,State,Tamil Nadu Tigers,192,79,https://api.dicebear.com/7.x/avataaars/svg?seed=Aditya%20Pandey
prof_0171,usr_0171,Sonam Patil,athlete171@demo.kreedatech.local,+91 9388013909,2007-11-18,female,Delhi,Noida,Sector 137,National,Mumbai Warriors AC,174,59,https://api.dicebear.com/7.x/avataaars/svg?seed=Sonam%20Patil
prof_0172,usr_0172,Neha Dutta,athlete172@demo.kreedatech.local,+91 8780274566,2008-07-11,female,Delhi,New Delhi,Vasant Kunj,State,Maharashtra Athletics Club,177,69,https://api.dicebear.com/7.x/avataaars/svg?seed=Neha%20Dutta
prof_0173,usr_0173,Shruti Dutta,athlete173@demo.kreedatech.local,+91 8818596499,2003-02-13,female,Telangana,Hyderabad,Madhapur,State,Kolkata Runners,157,66,https://api.dicebear.com/7.x/avataaars/svg?seed=Shruti%20Dutta
prof_0174,usr_0174,Pooja Mukherjee,athlete174@demo.kreedatech.local,+91 9462932952,1998-11-06,female,Punjab,Amritsar,Mall Road,District,Tamil Nadu Tigers,170,54,https://api.dicebear.com/7.x/avataaars/svg?seed=Pooja%20Mukherjee
prof_0175,usr_0175,Alok Joshi,athlete175@demo.kreedatech.local,+91 7038842856,1999-03-14,male,Delhi,New Delhi,Rohini,State,Rajasthan Royals Academy,169,78,https://api.dicebear.com/7.x/avataaars/svg?seed=Alok%20Joshi
prof_0176,usr_0176,Arjun Pillai,athlete176@demo.kreedatech.local,+91 9872351928,2000-04-22,male,Karnataka,Mangalore,Kadri,State,Goa Athletics Association,190,86,https://api.dicebear.com/7.x/avataaars/svg?seed=Arjun%20Pillai
prof_0177,usr_0177,Siddharth Pandey,athlete177@demo.kreedatech.local,+91 8751454357,2004-01-06,male,Maharashtra,Nagpur,Dharampeth,State,UP Strikers,178,77,https://api.dicebear.com/7.x/avataaars/svg?seed=Siddharth%20Pandey
prof_0178,usr_0178,Geeta Chowdhury,athlete178@demo.kreedatech.local,+91 8784986173,2003-08-23,female,Telangana,Hyderabad,Madhapur,International,North East United Academy,158,54,https://api.dicebear.com/7.x/avataaars/svg?seed=Geeta%20Chowdhury
prof_0179,usr_0179,Anirudh Sethi,athlete179@demo.kreedatech.local,+91 9818051482,2007-04-01,male,Haryana,Gurugram,DLF Phase 5,National,Goa Athletics Association,172,67,https://api.dicebear.com/7.x/avataaars/svg?seed=Anirudh%20Sethi
prof_0180,usr_0180,Manish Gowda,athlete180@demo.kreedatech.local,+91 7064783789,2001-02-21,male,Punjab,Ludhiana,Civil Lines,International,Punjab Lions FC,184,79,https://api.dicebear.com/7.x/avataaars/svg?seed=Manish%20Gowda
prof_0181,usr_0181,Rishabh Banerjee,athlete181@demo.kreedatech.local,+91 9749332827,1997-09-19,male,West Bengal,Kolkata,New Town,State,Hyderabad Strikers,174,73,https://api.dicebear.com/7.x/avataaars/svg?seed=Rishabh%20Banerjee
prof_0182,usr_0182,Pooja Khanna,athlete182@demo.kreedatech.local,+91 9759634954,2004-01-19,female,Karnataka,Mangalore,Bejai,District,Mumbai Warriors AC,158,54,https://api.dicebear.com/7.x/avataaars/svg?seed=Pooja%20Khanna
prof_0183,usr_0183,Isha Pawar,athlete183@demo.kreedatech.local,+91 9943039773,1999-07-05,female,Bihar,Patna,Boring Road,District,Kolkata Runners,155,62,https://api.dicebear.com/7.x/avataaars/svg?seed=Isha%20Pawar
prof_0184,usr_0184,Rajesh Rao,athlete184@demo.kreedatech.local,+91 8860314017,2005-09-13,male,Uttar Pradesh,Lucknow,Hazratganj,District,Goa Athletics Association,180,68,https://api.dicebear.com/7.x/avataaars/svg?seed=Rajesh%20Rao
prof_0185,usr_0185,Rohan Nair,athlete185@demo.kreedatech.local,+91 9329326943,2001-12-02,male,Punjab,Ludhiana,Civil Lines,State,Kerala Blasters Youth,187,86,https://api.dicebear.com/7.x/avataaars/svg?seed=Rohan%20Nair
prof_0186,usr_0186,Chahat Chowdhury,athlete186@demo.kreedatech.local,+91 8796538237,1998-09-11,female,Tamil Nadu,Chennai,Adyar,State,Bengaluru Bulls Youth,161,53,https://api.dicebear.com/7.x/avataaars/svg?seed=Chahat%20Chowdhury
prof_0187,usr_0187,Divya Pandey,athlete187@demo.kreedatech.local,+91 7023048285,2000-10-16,female,Tamil Nadu,Madurai,Anna Nagar,District,Punjab Lions FC,155,56,https://api.dicebear.com/7.x/avataaars/svg?seed=Divya%20Pandey
prof_0188,usr_0188,Avani Khanna,athlete188@demo.kreedatech.local,+91 8751428531,2006-12-13,female,Haryana,Gurugram,DLF Phase 5,State,Kerala Blasters Youth,170,61,https://api.dicebear.com/7.x/avataaars/svg?seed=Avani%20Khanna
prof_0189,usr_0189,Riya Reddy,athlete189@demo.kreedatech.local,+91 8869128514,2008-11-03,female,Uttar Pradesh,Agra,Dayalbagh,State,Punjab Lions FC,173,66,https://api.dicebear.com/7.x/avataaars/svg?seed=Riya%20Reddy
prof_0190,usr_0190,Manish Sen,athlete190@demo.kreedatech.local,+91 9886531264,2003-10-22,male,Bihar,Patna,Rajendra Nagar,State,Bengaluru Bulls Youth,168,76,https://api.dicebear.com/7.x/avataaars/svg?seed=Manish%20Sen
prof_0191,usr_0191,Alok Chowdhury,athlete191@demo.kreedatech.local,+91 9333925029,2001-11-16,male,Uttar Pradesh,Varanasi,Lanka,District,Tamil Nadu Tigers,178,73,https://api.dicebear.com/7.x/avataaars/svg?seed=Alok%20Chowdhury
prof_0192,usr_0192,Priya Deshmukh,athlete192@demo.kreedatech.local,+91 9949626874,2008-03-26,female,Uttar Pradesh,Varanasi,Sigra,State,North East United Academy,165,61,https://api.dicebear.com/7.x/avataaars/svg?seed=Priya%20Deshmukh
prof_0193,usr_0193,Riya Tiwari,athlete193@demo.kreedatech.local,+91 9362324588,1998-08-10,female,Karnataka,Hubli,Gokul Road,District,UP Strikers,167,68,https://api.dicebear.com/7.x/avataaars/svg?seed=Riya%20Tiwari
prof_0194,usr_0194,Kunal Sharma,athlete194@demo.kreedatech.local,+91 8723682870,2006-05-07,male,Bihar,Patna,Kankarbagh,District,Rajasthan Royals Academy,174,84,https://api.dicebear.com/7.x/avataaars/svg?seed=Kunal%20Sharma
prof_0195,usr_0195,Kabir Rao,athlete195@demo.kreedatech.local,+91 9466810813,2004-02-13,male,Telangana,Hyderabad,Madhapur,State,Tamil Nadu Tigers,174,78,https://api.dicebear.com/7.x/avataaars/svg?seed=Kabir%20Rao
prof_0196,usr_0196,Ayush Kulkarni,athlete196@demo.kreedatech.local,+91 8891114862,2008-03-11,male,Haryana,Gurugram,DLF Phase 5,National,Maharashtra Athletics Club,182,69,https://api.dicebear.com/7.x/avataaars/svg?seed=Ayush%20Kulkarni
prof_0197,usr_0197,Aman Tripathi,athlete197@demo.kreedatech.local,+91 9826950995,2004-01-06,male,Uttar Pradesh,Lucknow,Gomti Nagar,National,Maharashtra Athletics Club,176,79,https://api.dicebear.com/7.x/avataaars/svg?seed=Aman%20Tripathi
prof_0198,usr_0198,Nikhil Malhotra,athlete198@demo.kreedatech.local,+91 9354822796,2006-04-08,male,Delhi,New Delhi,Saket,District,Goa Athletics Association,170,73,https://api.dicebear.com/7.x/avataaars/svg?seed=Nikhil%20Malhotra
prof_0199,usr_0199,Rohan Reddy,athlete199@demo.kreedatech.local,+91 9816921964,2001-12-12,male,Tamil Nadu,Chennai,Tambaram,District,Punjab Lions FC,174,78,https://api.dicebear.com/7.x/avataaars/svg?seed=Rohan%20Reddy
prof_0200,usr_0200,Prasant Pawar,athlete200@demo.kreedatech.local,+91 9447276588,2003-05-04,male,Bihar,Patna,Kankarbagh,District,Kolkata Runners,182,75,https://api.dicebear.com/7.x/avataaars/svg?seed=Prasant%20Pawar
prof_0201,usr_0201,Yash Pawar,athlete201@demo.kreedatech.local,+91 9732897434,2000-11-20,male,Haryana,Gurugram,Golf Course Road,International,North East United Academy,177,69,https://api.dicebear.com/7.x/avataaars/svg?seed=Yash%20Pawar
prof_0202,usr_0202,Sonam Chowdhury,athlete202@demo.kreedatech.local,+91 9327931735,2003-01-16,female,Telangana,Hyderabad,Jubilee Hills,District,UP Strikers,166,68,https://api.dicebear.com/7.x/avataaars/svg?seed=Sonam%20Chowdhury
prof_0203,usr_0203,Kriti Nayak,athlete203@demo.kreedatech.local,+91 8732259919,1996-12-06,female,Maharashtra,Mumbai,Borivali,State,UP Strikers,174,68,https://api.dicebear.com/7.x/avataaars/svg?seed=Kriti%20Nayak
prof_0204,usr_0204,Vikram Rao,athlete204@demo.kreedatech.local,+91 7071711597,2000-08-10,male,Maharashtra,Nagpur,Sadar,District,Kerala Blasters Youth,179,75,https://api.dicebear.com/7.x/avataaars/svg?seed=Vikram%20Rao
prof_0205,usr_0205,Krishna Malhotra,athlete205@demo.kreedatech.local,+91 9779841953,1999-10-10,male,Maharashtra,Pune,Hinjewadi,District,Hyderabad Strikers,166,70,https://api.dicebear.com/7.x/avataaars/svg?seed=Krishna%20Malhotra
prof_0206,usr_0206,Sneha Bhasin,athlete206@demo.kreedatech.local,+91 8856724308,2005-09-22,female,Punjab,Amritsar,Ranjit Avenue,District,UP Strikers,166,65,https://api.dicebear.com/7.x/avataaars/svg?seed=Sneha%20Bhasin
prof_0207,usr_0207,Sonam Gupta,athlete207@demo.kreedatech.local,+91 7039478376,1998-07-24,female,Punjab,Ludhiana,Model Town,District,Haryana Heroes,173,59,https://api.dicebear.com/7.x/avataaars/svg?seed=Sonam%20Gupta
prof_0208,usr_0208,Nikhil Sharma,athlete208@demo.kreedatech.local,+91 8742773837,2005-11-04,male,Uttar Pradesh,Kanpur,Swaroop Nagar,National,North East United Academy,182,75,https://api.dicebear.com/7.x/avataaars/svg?seed=Nikhil%20Sharma
prof_0209,usr_0209,Nisha Gupta,athlete209@demo.kreedatech.local,+91 9844842937,2007-08-11,female,Haryana,Gurugram,Sector 56,National,Delhi Capitals Academy,170,66,https://api.dicebear.com/7.x/avataaars/svg?seed=Nisha%20Gupta
prof_0210,usr_0210,Nisha Gupta,athlete210@demo.kreedatech.local,+91 9440536507,2008-06-05,female,Karnataka,Bangalore,HSR Layout,State,Gujarat Giants Youth,161,56,https://api.dicebear.com/7.x/avataaars/svg?seed=Nisha%20Gupta
prof_0211,usr_0211,Vivek Menon,athlete211@demo.kreedatech.local,+91 8821379041,2000-02-26,male,Tamil Nadu,Chennai,T. Nagar,National,Delhi Capitals Academy,168,76,https://api.dicebear.com/7.x/avataaars/svg?seed=Vivek%20Menon
prof_0212,usr_0212,Deepak Nayak,athlete212@demo.kreedatech.local,+91 9828071737,1999-09-17,male,Tamil Nadu,Chennai,Velachery,District,Hyderabad Strikers,173,78,https://api.dicebear.com/7.x/avataaars/svg?seed=Deepak%20Nayak
prof_0213,usr_0213,Priya Nayak,athlete213@demo.kreedatech.local,+91 9450478098,2006-01-05,female,Punjab,Ludhiana,Model Town,State,Delhi Capitals Academy,160,51,https://api.dicebear.com/7.x/avataaars/svg?seed=Priya%20Nayak
prof_0214,usr_0214,Vikas Agarwal,athlete214@demo.kreedatech.local,+91 9758372267,2001-10-19,male,Telangana,Hyderabad,Gachibowli,State,Hyderabad Strikers,188,88,https://api.dicebear.com/7.x/avataaars/svg?seed=Vikas%20Agarwal
prof_0215,usr_0215,Riya Chawla,athlete215@demo.kreedatech.local,+91 9880152123,1998-08-28,female,Maharashtra,Pune,Baner,State,North East United Academy,163,59,https://api.dicebear.com/7.x/avataaars/svg?seed=Riya%20Chawla
prof_0216,usr_0216,Preeti Agarwal,athlete216@demo.kreedatech.local,+91 8728699257,2007-08-03,female,Karnataka,Hubli,Keshwapur,District,Kolkata Runners,177,69,https://api.dicebear.com/7.x/avataaars/svg?seed=Preeti%20Agarwal
prof_0217,usr_0217,Sanjay Banerjee,athlete217@demo.kreedatech.local,+91 9786999568,1999-03-05,male,Telangana,Hyderabad,HITECH City,State,North East United Academy,173,78,https://api.dicebear.com/7.x/avataaars/svg?seed=Sanjay%20Banerjee
prof_0218,usr_0218,Ayaan Chawla,athlete218@demo.kreedatech.local,+91 9770165843,2007-01-23,male,West Bengal,Kolkata,Salt Lake,State,Rajasthan Royals Academy,186,86,https://api.dicebear.com/7.x/avataaars/svg?seed=Ayaan%20Chawla
prof_0219,usr_0219,Chahat Reddy,athlete219@demo.kreedatech.local,+91 9783281425,2003-03-12,female,Punjab,Ludhiana,Civil Lines,State,Goa Athletics Association,177,64,https://api.dicebear.com/7.x/avataaars/svg?seed=Chahat%20Reddy
prof_0220,usr_0220,Simran Deshmukh,athlete220@demo.kreedatech.local,+91 9865574246,2005-09-21,female,Uttar Pradesh,Agra,Dayalbagh,State,Bengaluru Bulls Youth,160,61,https://api.dicebear.com/7.x/avataaars/svg?seed=Simran%20Deshmukh
prof_0221,usr_0221,Aditya Tiwari,athlete221@demo.kreedatech.local,+91 9871754534,1998-12-27,male,Karnataka,Bangalore,HSR Layout,State,North East United Academy,179,70,https://api.dicebear.com/7.x/avataaars/svg?seed=Aditya%20Tiwari
prof_0222,usr_0222,Arjun Pillai,athlete222@demo.kreedatech.local,+91 8897245387,2008-11-24,male,West Bengal,Kolkata,Park Street,District,Mumbai Warriors AC,174,68,https://api.dicebear.com/7.x/avataaars/svg?seed=Arjun%20Pillai
prof_0223,usr_0223,Suraj Pawar,athlete223@demo.kreedatech.local,+91 9367552622,1996-10-16,male,Maharashtra,Pune,Kothrud,State,UP Strikers,183,79,https://api.dicebear.com/7.x/avataaars/svg?seed=Suraj%20Pawar
prof_0224,usr_0224,Anirudh Patil,athlete224@demo.kreedatech.local,+91 8817027593,2007-06-18,male,Punjab,Ludhiana,Sarabha Nagar,District,Kerala Blasters Youth,172,79,https://api.dicebear.com/7.x/avataaars/svg?seed=Anirudh%20Patil
prof_0225,usr_0225,Rishabh Gupta,athlete225@demo.kreedatech.local,+91 9776177017,1998-05-19,male,Delhi,New Delhi,Connaught Place,National,Maharashtra Athletics Club,171,65,https://api.dicebear.com/7.x/avataaars/svg?seed=Rishabh%20Gupta
prof_0226,usr_0226,Isha Deshmukh,athlete226@demo.kreedatech.local,+91 8856927350,1998-11-05,female,Haryana,Gurugram,Sector 56,District,Hyderabad Strikers,168,57,https://api.dicebear.com/7.x/avataaars/svg?seed=Isha%20Deshmukh
prof_0227,usr_0227,Richa Tripathi,athlete227@demo.kreedatech.local,+91 9375408473,1999-03-19,female,Tamil Nadu,Coimbatore,RS Puram,District,Tamil Nadu Tigers,161,66,https://api.dicebear.com/7.x/avataaars/svg?seed=Richa%20Tripathi
prof_0228,usr_0228,Anita Dutta,athlete228@demo.kreedatech.local,+91 9934125204,2005-09-18,female,Bihar,Patna,Kankarbagh,District,Maharashtra Athletics Club,159,51,https://api.dicebear.com/7.x/avataaars/svg?seed=Anita%20Dutta
prof_0229,usr_0229,Aditya Sethi,athlete229@demo.kreedatech.local,+91 9469281379,2000-04-11,male,Bihar,Patna,Boring Road,State,Punjab Lions FC,191,90,https://api.dicebear.com/7.x/avataaars/svg?seed=Aditya%20Sethi
prof_0230,usr_0230,Aman Mukherjee,athlete230@demo.kreedatech.local,+91 9778776634,2007-12-10,male,Haryana,Gurugram,Golf Course Road,District,Tamil Nadu Tigers,187,80,https://api.dicebear.com/7.x/avataaars/svg?seed=Aman%20Mukherjee
prof_0231,usr_0231,Vihaan Gowda,athlete231@demo.kreedatech.local,+91 9494395643,2006-07-23,male,Tamil Nadu,Coimbatore,Peelamedu,District,Haryana Heroes,175,77,https://api.dicebear.com/7.x/avataaars/svg?seed=Vihaan%20Gowda
prof_0232,usr_0232,Dev Menon,athlete232@demo.kreedatech.local,+91 9734115184,2007-08-09,male,Tamil Nadu,Coimbatore,Peelamedu,National,Rajasthan Royals Academy,182,73,https://api.dicebear.com/7.x/avataaars/svg?seed=Dev%20Menon
prof_0233,usr_0233,Vandana Bhasin,athlete233@demo.kreedatech.local,+91 8873151313,2005-09-23,female,Karnataka,Bangalore,Koramangala,District,Haryana Heroes,163,64,https://api.dicebear.com/7.x/avataaars/svg?seed=Vandana%20Bhasin
prof_0234,usr_0234,Suraj Khanna,athlete234@demo.kreedatech.local,+91 9967968040,2005-02-14,male,Punjab,Ludhiana,Sarabha Nagar,International,Mumbai Warriors AC,173,74,https://api.dicebear.com/7.x/avataaars/svg?seed=Suraj%20Khanna
prof_0235,usr_0235,Sachin Sethi,athlete235@demo.kreedatech.local,+91 8827814403,1996-03-27,male,Telangana,Hyderabad,Gachibowli,State,Hyderabad Strikers,168,69,https://api.dicebear.com/7.x/avataaars/svg?seed=Sachin%20Sethi
prof_0236,usr_0236,Alok Kapoor,athlete236@demo.kreedatech.local,+91 9494377134,1998-01-18,male,Karnataka,Mangalore,Kadri,State,Goa Athletics Association,167,72,https://api.dicebear.com/7.x/avataaars/svg?seed=Alok%20Kapoor
prof_0237,usr_0237,Yash Khanna,athlete237@demo.kreedatech.local,+91 9869122413,2002-02-19,male,Bihar,Patna,Rajendra Nagar,District,Bengaluru Bulls Youth,174,82,https://api.dicebear.com/7.x/avataaars/svg?seed=Yash%20Khanna
prof_0238,usr_0238,Manish Pillai,athlete238@demo.kreedatech.local,+91 9874230136,2005-05-02,male,Maharashtra,Nashik,College Road,District,Rajasthan Royals Academy,174,78,https://api.dicebear.com/7.x/avataaars/svg?seed=Manish%20Pillai
prof_0239,usr_0239,Anushka Kumar,athlete239@demo.kreedatech.local,+91 9753851707,2002-07-05,female,Karnataka,Mysore,Vijayanagar,National,North East United Academy,166,58,https://api.dicebear.com/7.x/avataaars/svg?seed=Anushka%20Kumar
prof_0240,usr_0240,Prasant Nair,athlete240@demo.kreedatech.local,+91 9888607392,1997-01-18,male,Haryana,Gurugram,Sector 56,State,Kolkata Runners,189,74,https://api.dicebear.com/7.x/avataaars/svg?seed=Prasant%20Nair
prof_0241,usr_0241,Kartik Chawla,athlete241@demo.kreedatech.local,+91 9461811775,1999-11-18,male,Delhi,New Delhi,Rohini,State,Goa Athletics Association,175,82,https://api.dicebear.com/7.x/avataaars/svg?seed=Kartik%20Chawla
prof_0242,usr_0242,Richa Reddy,athlete242@demo.kreedatech.local,+91 9447787174,2000-08-26,female,West Bengal,Kolkata,Ballygunge,District,Kolkata Runners,157,52,https://api.dicebear.com/7.x/avataaars/svg?seed=Richa%20Reddy
prof_0243,usr_0243,Nisha Malhotra,athlete243@demo.kreedatech.local,+91 9421986837,1996-11-25,female,Karnataka,Mangalore,Kadri,District,Maharashtra Athletics Club,170,70,https://api.dicebear.com/7.x/avataaars/svg?seed=Nisha%20Malhotra
prof_0244,usr_0244,Isha Kumar,athlete244@demo.kreedatech.local,+91 9798471436,2001-01-16,female,Punjab,Ludhiana,Civil Lines,District,Kolkata Runners,163,62,https://api.dicebear.com/7.x/avataaars/svg?seed=Isha%20Kumar
prof_0245,usr_0245,Yash Singh,athlete245@demo.kreedatech.local,+91 9740380947,2004-06-04,male,Telangana,Hyderabad,Banjara Hills,District,Gujarat Giants Youth,171,68,https://api.dicebear.com/7.x/avataaars/svg?seed=Yash%20Singh
prof_0246,usr_0246,Nikhil Dutta,athlete246@demo.kreedatech.local,+91 8792659780,2007-11-04,male,Haryana,Gurugram,Golf Course Road,National,UP Strikers,171,68,https://api.dicebear.com/7.x/avataaars/svg?seed=Nikhil%20Dutta
prof_0247,usr_0247,Ishaan Patil,athlete247@demo.kreedatech.local,+91 9825742714,2001-09-02,male,Punjab,Ludhiana,Sarabha Nagar,District,Mumbai Warriors AC,184,75,https://api.dicebear.com/7.x/avataaars/svg?seed=Ishaan%20Patil
prof_0248,usr_0248,Sneha Patil,athlete248@demo.kreedatech.local,+91 8761551673,2005-09-03,female,Karnataka,Mysore,Vijayanagar,District,UP Strikers,161,64,https://api.dicebear.com/7.x/avataaars/svg?seed=Sneha%20Patil
prof_0249,usr_0249,Aditya Deshmukh,athlete249@demo.kreedatech.local,+91 8718607114,2003-03-12,male,West Bengal,Kolkata,Alipore,National,Maharashtra Athletics Club,167,70,https://api.dicebear.com/7.x/avataaars/svg?seed=Aditya%20Deshmukh
prof_0250,usr_0250,Geeta Das,athlete250@demo.kreedatech.local,+91 9458064467,1999-05-17,female,Uttar Pradesh,Kanpur,Civil Lines,District,Goa Athletics Association,158,65,https://api.dicebear.com/7.x/avataaars/svg?seed=Geeta%20Das
prof_0251,usr_0251,Arjun Gowda,athlete251@demo.kreedatech.local,+91 9861924294,2007-06-20,male,Uttar Pradesh,Varanasi,Lanka,State,Kolkata Runners,183,70,https://api.dicebear.com/7.x/avataaars/svg?seed=Arjun%20Gowda
prof_0252,usr_0252,Rekha Tiwari,athlete252@demo.kreedatech.local,+91 9778516706,2000-01-02,female,Haryana,Gurugram,Sector 56,District,Gujarat Giants Youth,175,61,https://api.dicebear.com/7.x/avataaars/svg?seed=Rekha%20Tiwari
prof_0253,usr_0253,Shiva Patel,athlete253@demo.kreedatech.local,+91 9743073375,2003-02-09,male,Tamil Nadu,Coimbatore,RS Puram,State,North East United Academy,170,68,https://api.dicebear.com/7.x/avataaars/svg?seed=Shiva%20Patel
prof_0254,usr_0254,Sunita Reddy,athlete254@demo.kreedatech.local,+91 8833646625,2004-02-08,female,Punjab,Ludhiana,Model Town,State,Tamil Nadu Tigers,154,60,https://api.dicebear.com/7.x/avataaars/svg?seed=Sunita%20Reddy
prof_0255,usr_0255,Vikram Nayak,athlete255@demo.kreedatech.local,+91 8824096459,2003-10-01,male,Haryana,Gurugram,Sector 56,District,Bengaluru Bulls Youth,167,67,https://api.dicebear.com/7.x/avataaars/svg?seed=Vikram%20Nayak
prof_0256,usr_0256,Yash Rao,athlete256@demo.kreedatech.local,+91 8871285084,2006-06-14,male,Punjab,Amritsar,Ranjit Avenue,State,Haryana Heroes,172,69,https://api.dicebear.com/7.x/avataaars/svg?seed=Yash%20Rao
prof_0257,usr_0257,Sachin Singh,athlete257@demo.kreedatech.local,+91 8787353410,2003-06-09,male,Bihar,Patna,Kankarbagh,District,Bengaluru Bulls Youth,169,69,https://api.dicebear.com/7.x/avataaars/svg?seed=Sachin%20Singh
prof_0258,usr_0258,Kartik Pawar,athlete258@demo.kreedatech.local,+91 9961152040,2005-08-21,male,Maharashtra,Nashik,Panchavati,State,Hyderabad Strikers,183,71,https://api.dicebear.com/7.x/avataaars/svg?seed=Kartik%20Pawar
prof_0259,usr_0259,Aman Chowdhury,athlete259@demo.kreedatech.local,+91 7085255842,1997-07-14,male,Tamil Nadu,Madurai,Tallakulam,State,Haryana Heroes,173,76,https://api.dicebear.com/7.x/avataaars/svg?seed=Aman%20Chowdhury
prof_0260,usr_0260,Meera Reddy,athlete260@demo.kreedatech.local,+91 9776699350,2008-04-16,female,Bihar,Patna,Kankarbagh,State,Kerala Blasters Youth,167,67,https://api.dicebear.com/7.x/avataaars/svg?seed=Meera%20Reddy
prof_0261,usr_0261,Harsh Kulkarni,athlete261@demo.kreedatech.local,+91 8767096168,2000-01-07,male,Maharashtra,Mumbai,Powai,District,Kerala Blasters Youth,166,70,https://api.dicebear.com/7.x/avataaars/svg?seed=Harsh%20Kulkarni
prof_0262,usr_0262,Amit Pillai,athlete262@demo.kreedatech.local,+91 9857083366,1999-02-04,male,Bihar,Patna,Boring Road,District,Tamil Nadu Tigers,188,88,https://api.dicebear.com/7.x/avataaars/svg?seed=Amit%20Pillai
prof_0263,usr_0263,Shaurya Das,athlete263@demo.kreedatech.local,+91 7029823287,1998-12-21,male,West Bengal,Kolkata,Park Street,District,Bengaluru Bulls Youth,191,86,https://api.dicebear.com/7.x/avataaars/svg?seed=Shaurya%20Das
prof_0264,usr_0264,Riya Joshi,athlete264@demo.kreedatech.local,+91 7019208849,2007-06-15,female,Telangana,Hyderabad,Madhapur,National,Kerala Blasters Youth,163,60,https://api.dicebear.com/7.x/avataaars/svg?seed=Riya%20Joshi
prof_0265,usr_0265,Chetan Patil,athlete265@demo.kreedatech.local,+91 8877505735,2003-02-02,male,Punjab,Amritsar,Ranjit Avenue,District,Maharashtra Athletics Club,180,76,https://api.dicebear.com/7.x/avataaars/svg?seed=Chetan%20Patil
prof_0266,usr_0266,Ayush Joshi,athlete266@demo.kreedatech.local,+91 9788196913,2005-01-20,male,Punjab,Amritsar,Ranjit Avenue,District,UP Strikers,180,77,https://api.dicebear.com/7.x/avataaars/svg?seed=Ayush%20Joshi
prof_0267,usr_0267,Anirudh Pandey,athlete267@demo.kreedatech.local,+91 9732456187,2006-12-26,male,Haryana,Gurugram,Golf Course Road,District,Haryana Heroes,173,74,https://api.dicebear.com/7.x/avataaars/svg?seed=Anirudh%20Pandey
prof_0268,usr_0268,Sanjay Das,athlete268@demo.kreedatech.local,+91 8718723658,2000-01-01,male,Telangana,Hyderabad,Jubilee Hills,District,Punjab Lions FC,180,76,https://api.dicebear.com/7.x/avataaars/svg?seed=Sanjay%20Das
prof_0269,usr_0269,Divya Dutta,athlete269@demo.kreedatech.local,+91 9452573741,2005-06-08,female,Punjab,Amritsar,Ranjit Avenue,District,Goa Athletics Association,175,61,https://api.dicebear.com/7.x/avataaars/svg?seed=Divya%20Dutta
prof_0270,usr_0270,Deepak Nayak,athlete270@demo.kreedatech.local,+91 9731825052,2005-12-10,male,Haryana,Gurugram,DLF Phase 5,International,Bengaluru Bulls Youth,190,84,https://api.dicebear.com/7.x/avataaars/svg?seed=Deepak%20Nayak
prof_0271,usr_0271,Priya Gupta,athlete271@demo.kreedatech.local,+91 8718641713,1996-08-15,female,West Bengal,Kolkata,Salt Lake,National,Kolkata Runners,173,71,https://api.dicebear.com/7.x/avataaars/svg?seed=Priya%20Gupta
prof_0272,usr_0272,Deepika Bhat,athlete272@demo.kreedatech.local,+91 9344748293,1996-10-27,female,Maharashtra,Mumbai,Andheri,District,Haryana Heroes,169,66,https://api.dicebear.com/7.x/avataaars/svg?seed=Deepika%20Bhat
prof_0273,usr_0273,Neeraj Bhat,athlete273@demo.kreedatech.local,+91 8817613593,2006-02-03,male,Delhi,Noida,Sector 18,State,Gujarat Giants Youth,187,79,https://api.dicebear.com/7.x/avataaars/svg?seed=Neeraj%20Bhat
prof_0274,usr_0274,Priya Mukherjee,athlete274@demo.kreedatech.local,+91 9994031266,2004-09-08,female,Karnataka,Hubli,Keshwapur,State,Punjab Lions FC,176,56,https://api.dicebear.com/7.x/avataaars/svg?seed=Priya%20Mukherjee
prof_0275,usr_0275,Rahul Gowda,athlete275@demo.kreedatech.local,+91 9358930968,1999-08-14,male,West Bengal,Kolkata,Alipore,District,UP Strikers,187,86,https://api.dicebear.com/7.x/avataaars/svg?seed=Rahul%20Gowda
prof_0276,usr_0276,Sanjay Das,athlete276@demo.kreedatech.local,+91 8869175846,2000-06-23,male,Delhi,New Delhi,Dwarka,State,UP Strikers,189,85,https://api.dicebear.com/7.x/avataaars/svg?seed=Sanjay%20Das
prof_0277,usr_0277,Amit Reddy,athlete277@demo.kreedatech.local,+91 8772095049,2001-01-13,male,Telangana,Hyderabad,HITECH City,State,Delhi Capitals Academy,177,81,https://api.dicebear.com/7.x/avataaars/svg?seed=Amit%20Reddy
prof_0278,usr_0278,Nisha Tiwari,athlete278@demo.kreedatech.local,+91 9910631955,2001-10-09,female,Maharashtra,Nashik,Indira Nagar,State,Hyderabad Strikers,155,57,https://api.dicebear.com/7.x/avataaars/svg?seed=Nisha%20Tiwari
prof_0279,usr_0279,Prasant Khanna,athlete279@demo.kreedatech.local,+91 9998592810,2002-08-10,male,Maharashtra,Mumbai,Powai,State,Haryana Heroes,177,69,https://api.dicebear.com/7.x/avataaars/svg?seed=Prasant%20Khanna
prof_0280,usr_0280,Rohan Deshmukh,athlete280@demo.kreedatech.local,+91 8736125785,2006-09-06,male,Haryana,Gurugram,Golf Course Road,National,Kerala Blasters Youth,173,80,https://api.dicebear.com/7.x/avataaars/svg?seed=Rohan%20Deshmukh
prof_0281,usr_0281,Dhruv Singh,athlete281@demo.kreedatech.local,+91 8873737684,1998-12-08,male,Karnataka,Mysore,Gokulam,District,UP Strikers,170,80,https://api.dicebear.com/7.x/avataaars/svg?seed=Dhruv%20Singh
prof_0282,usr_0282,Chetan Mishra,athlete282@demo.kreedatech.local,+91 9386621082,2003-05-19,male,West Bengal,Kolkata,New Town,State,Kerala Blasters Youth,192,84,https://api.dicebear.com/7.x/avataaars/svg?seed=Chetan%20Mishra
prof_0283,usr_0283,Myra Mehta,athlete283@demo.kreedatech.local,+91 9711544315,2004-11-02,female,West Bengal,Kolkata,Alipore,State,Tamil Nadu Tigers,170,66,https://api.dicebear.com/7.x/avataaars/svg?seed=Myra%20Mehta
prof_0284,usr_0284,Manish Kulkarni,athlete284@demo.kreedatech.local,+91 8830101349,2002-03-13,male,Bihar,Patna,Boring Road,State,UP Strikers,173,73,https://api.dicebear.com/7.x/avataaars/svg?seed=Manish%20Kulkarni
prof_0285,usr_0285,Kunal Khanna,athlete285@demo.kreedatech.local,+91 7047417676,2007-05-27,male,Uttar Pradesh,Agra,Sanjay Place,National,Kerala Blasters Youth,171,65,https://api.dicebear.com/7.x/avataaars/svg?seed=Kunal%20Khanna
prof_0286,usr_0286,Chetan Verma,athlete286@demo.kreedatech.local,+91 9784406845,1997-07-25,male,Tamil Nadu,Chennai,Adyar,State,Rajasthan Royals Academy,171,79,https://api.dicebear.com/7.x/avataaars/svg?seed=Chetan%20Verma
prof_0287,usr_0287,Suraj Reddy,athlete287@demo.kreedatech.local,+91 8846996421,2004-10-27,male,Haryana,Gurugram,Sector 56,District,Bengaluru Bulls Youth,166,68,https://api.dicebear.com/7.x/avataaars/svg?seed=Suraj%20Reddy
prof_0288,usr_0288,Harsh Tripathi,athlete288@demo.kreedatech.local,+91 8853525844,2007-06-27,male,Uttar Pradesh,Varanasi,Lanka,State,Rajasthan Royals Academy,186,76,https://api.dicebear.com/7.x/avataaars/svg?seed=Harsh%20Tripathi
prof_0289,usr_0289,Kiara Sharma,athlete289@demo.kreedatech.local,+91 9913312469,2000-07-12,female,Uttar Pradesh,Kanpur,Civil Lines,National,Punjab Lions FC,162,55,https://api.dicebear.com/7.x/avataaars/svg?seed=Kiara%20Sharma
prof_0290,usr_0290,Harsh Patel,athlete290@demo.kreedatech.local,+91 9329017510,2004-05-14,male,Punjab,Ludhiana,Model Town,State,Maharashtra Athletics Club,166,71,https://api.dicebear.com/7.x/avataaars/svg?seed=Harsh%20Patel
prof_0291,usr_0291,Chahat Deshmukh,athlete291@demo.kreedatech.local,+91 7088550003,2007-10-01,female,Bihar,Patna,Rajendra Nagar,State,Maharashtra Athletics Club,173,67,https://api.dicebear.com/7.x/avataaars/svg?seed=Chahat%20Deshmukh
prof_0292,usr_0292,Sachin Mehta,athlete292@demo.kreedatech.local,+91 9817492705,2002-07-13,male,Bihar,Patna,Boring Road,National,Kolkata Runners,189,76,https://api.dicebear.com/7.x/avataaars/svg?seed=Sachin%20Mehta
prof_0293,usr_0293,Richa Kulkarni,athlete293@demo.kreedatech.local,+91 8854753921,2000-09-08,female,Telangana,Hyderabad,Madhapur,District,Kolkata Runners,162,58,https://api.dicebear.com/7.x/avataaars/svg?seed=Richa%20Kulkarni
prof_0294,usr_0294,Sunita Pillai,athlete294@demo.kreedatech.local,+91 8889989884,2008-05-28,female,Punjab,Ludhiana,Model Town,District,Kolkata Runners,176,65,https://api.dicebear.com/7.x/avataaars/svg?seed=Sunita%20Pillai
prof_0295,usr_0295,Atharv Chawla,athlete295@demo.kreedatech.local,+91 9973332469,1996-10-28,male,West Bengal,Kolkata,Ballygunge,District,North East United Academy,191,86,https://api.dicebear.com/7.x/avataaars/svg?seed=Atharv%20Chawla
prof_0296,usr_0296,Tarun Yadav,athlete296@demo.kreedatech.local,+91 9489633135,2005-09-04,male,Punjab,Amritsar,Ranjit Avenue,National,Bengaluru Bulls Youth,173,80,https://api.dicebear.com/7.x/avataaars/svg?seed=Tarun%20Yadav
prof_0297,usr_0297,Vikas Banerjee,athlete297@demo.kreedatech.local,+91 9741955506,1996-01-12,male,West Bengal,Kolkata,New Town,State,Delhi Capitals Academy,168,74,https://api.dicebear.com/7.x/avataaars/svg?seed=Vikas%20Banerjee
prof_0298,usr_0298,Myra Nair,athlete298@demo.kreedatech.local,+91 7026221969,2004-06-28,female,Maharashtra,Pune,Kothrud,State,Maharashtra Athletics Club,175,68,https://api.dicebear.com/7.x/avataaars/svg?seed=Myra%20Nair
prof_0299,usr_0299,Rohan Nayak,athlete299@demo.kreedatech.local,+91 9492022796,1997-10-28,male,Bihar,Patna,Kankarbagh,National,Delhi Capitals Academy,174,70,https://api.dicebear.com/7.x/avataaars/svg?seed=Rohan%20Nayak
prof_0300,usr_0300,Kartik Gowda,athlete300@demo.kreedatech.local,+91 9778783057,1999-01-11,male,Bihar,Patna,Rajendra Nagar,District,Goa Athletics Association,174,71,https://api.dicebear.com/7.x/avataaars/svg?seed=Kartik%20Gowda
prof_0301,usr_0301,Vihaan Mukherjee,athlete301@demo.kreedatech.local,+91 9449679322,2005-01-09,male,Karnataka,Mangalore,Bejai,District,Haryana Heroes,180,77,https://api.dicebear.com/7.x/avataaars/svg?seed=Vihaan%20Mukherjee
prof_0302,usr_0302,Shiva Sharma,athlete302@demo.kreedatech.local,+91 9436955642,2000-02-25,male,Maharashtra,Nashik,Indira Nagar,State,North East United Academy,172,77,https://api.dicebear.com/7.x/avataaars/svg?seed=Shiva%20Sharma
prof_0303,usr_0303,Deepak Banerjee,athlete303@demo.kreedatech.local,+91 8762863074,2000-02-13,male,Tamil Nadu,Chennai,Adyar,National,Delhi Capitals Academy,187,82,https://api.dicebear.com/7.x/avataaars/svg?seed=Deepak%20Banerjee
prof_0304,usr_0304,Atharv Mishra,athlete304@demo.kreedatech.local,+91 9728047625,2006-12-09,male,Karnataka,Bangalore,Koramangala,District,Delhi Capitals Academy,184,85,https://api.dicebear.com/7.x/avataaars/svg?seed=Atharv%20Mishra
prof_0305,usr_0305,Sunita Mishra,athlete305@demo.kreedatech.local,+91 9831863094,1999-12-18,female,Uttar Pradesh,Agra,Dayalbagh,National,Punjab Lions FC,161,66,https://api.dicebear.com/7.x/avataaars/svg?seed=Sunita%20Mishra
prof_0306,usr_0306,Shaurya Nayak,athlete306@demo.kreedatech.local,+91 7033232477,2003-09-13,male,Bihar,Patna,Rajendra Nagar,State,Hyderabad Strikers,180,81,https://api.dicebear.com/7.x/avataaars/svg?seed=Shaurya%20Nayak
prof_0307,usr_0307,Nikhil Chawla,athlete307@demo.kreedatech.local,+91 7044052267,2001-01-17,male,Bihar,Patna,Rajendra Nagar,State,Kerala Blasters Youth,192,86,https://api.dicebear.com/7.x/avataaars/svg?seed=Nikhil%20Chawla
prof_0308,usr_0308,Kiara Mukherjee,athlete308@demo.kreedatech.local,+91 9760377751,1998-03-05,female,Haryana,Gurugram,Sector 56,International,Kerala Blasters Youth,155,60,https://api.dicebear.com/7.x/avataaars/svg?seed=Kiara%20Mukherjee
prof_0309,usr_0309,Rekha Pillai,athlete309@demo.kreedatech.local,+91 9895146525,2007-12-15,female,Delhi,New Delhi,Rohini,District,Goa Athletics Association,167,63,https://api.dicebear.com/7.x/avataaars/svg?seed=Rekha%20Pillai
prof_0310,usr_0310,Rajesh Singh,athlete310@demo.kreedatech.local,+91 8711902453,2004-03-01,male,Haryana,Gurugram,Golf Course Road,State,Kerala Blasters Youth,165,78,https://api.dicebear.com/7.x/avataaars/svg?seed=Rajesh%20Singh
prof_0311,usr_0311,Shiva Gowda,athlete311@demo.kreedatech.local,+91 9376541913,1998-05-01,male,Uttar Pradesh,Agra,Sanjay Place,District,Gujarat Giants Youth,183,82,https://api.dicebear.com/7.x/avataaars/svg?seed=Shiva%20Gowda
prof_0312,usr_0312,Kabir Bhat,athlete312@demo.kreedatech.local,+91 9873963733,1998-08-02,male,Uttar Pradesh,Agra,Dayalbagh,District,Hyderabad Strikers,188,79,https://api.dicebear.com/7.x/avataaars/svg?seed=Kabir%20Bhat
prof_0313,usr_0313,Vihaan Gowda,athlete313@demo.kreedatech.local,+91 9312411456,1996-01-12,male,Tamil Nadu,Coimbatore,RS Puram,State,Kerala Blasters Youth,176,77,https://api.dicebear.com/7.x/avataaars/svg?seed=Vihaan%20Gowda
prof_0314,usr_0314,Ayush Mishra,athlete314@demo.kreedatech.local,+91 9886811534,2008-08-09,male,Haryana,Gurugram,DLF Phase 5,District,UP Strikers,177,76,https://api.dicebear.com/7.x/avataaars/svg?seed=Ayush%20Mishra
prof_0315,usr_0315,Harsh Yadav,athlete315@demo.kreedatech.local,+91 8844965181,2001-04-12,male,Delhi,New Delhi,Saket,State,Bengaluru Bulls Youth,173,69,https://api.dicebear.com/7.x/avataaars/svg?seed=Harsh%20Yadav
prof_0316,usr_0316,Bhavna Bhat,athlete316@demo.kreedatech.local,+91 9932875135,1998-07-11,female,Haryana,Gurugram,Golf Course Road,National,Kerala Blasters Youth,156,66,https://api.dicebear.com/7.x/avataaars/svg?seed=Bhavna%20Bhat
prof_0317,usr_0317,Atharv Gupta,athlete317@demo.kreedatech.local,+91 9837684364,2003-02-20,male,Maharashtra,Nagpur,Sadar,District,Kolkata Runners,192,75,https://api.dicebear.com/7.x/avataaars/svg?seed=Atharv%20Gupta
prof_0318,usr_0318,Ishaan Shetty,athlete318@demo.kreedatech.local,+91 9798111595,1996-10-27,male,Telangana,Hyderabad,HITECH City,District,Tamil Nadu Tigers,186,86,https://api.dicebear.com/7.x/avataaars/svg?seed=Ishaan%20Shetty
prof_0319,usr_0319,Rohan Tiwari,athlete319@demo.kreedatech.local,+91 9823179686,2007-11-22,male,Uttar Pradesh,Varanasi,Bhelupur,National,Goa Athletics Association,165,68,https://api.dicebear.com/7.x/avataaars/svg?seed=Rohan%20Tiwari
prof_0320,usr_0320,Gaurav Das,athlete320@demo.kreedatech.local,+91 9952511916,2005-04-27,male,Tamil Nadu,Madurai,Anna Nagar,District,Rajasthan Royals Academy,176,69,https://api.dicebear.com/7.x/avataaars/svg?seed=Gaurav%20Das
prof_0321,usr_0321,Riya Bhat,athlete321@demo.kreedatech.local,+91 9341913068,2001-08-22,female,Delhi,New Delhi,Rohini,District,Punjab Lions FC,171,56,https://api.dicebear.com/7.x/avataaars/svg?seed=Riya%20Bhat
prof_0322,usr_0322,Rohan Das,athlete322@demo.kreedatech.local,+91 7075494500,2003-12-21,male,Karnataka,Hubli,Gokul Road,State,Maharashtra Athletics Club,169,74,https://api.dicebear.com/7.x/avataaars/svg?seed=Rohan%20Das
prof_0323,usr_0323,Richa Chowdhury,athlete323@demo.kreedatech.local,+91 9718017135,2000-09-12,female,Haryana,Gurugram,DLF Phase 5,District,Kolkata Runners,166,61,https://api.dicebear.com/7.x/avataaars/svg?seed=Richa%20Chowdhury
prof_0324,usr_0324,Varun Gupta,athlete324@demo.kreedatech.local,+91 7035888238,2003-11-21,male,West Bengal,Kolkata,New Town,District,UP Strikers,171,68,https://api.dicebear.com/7.x/avataaars/svg?seed=Varun%20Gupta
prof_0325,usr_0325,Shreya Mukherjee,athlete325@demo.kreedatech.local,+91 7088244235,2003-08-24,female,West Bengal,Kolkata,Park Street,State,Hyderabad Strikers,176,60,https://api.dicebear.com/7.x/avataaars/svg?seed=Shreya%20Mukherjee
prof_0326,usr_0326,Kabir Banerjee,athlete326@demo.kreedatech.local,+91 9832196886,2004-01-14,male,West Bengal,Kolkata,Park Street,State,Rajasthan Royals Academy,186,86,https://api.dicebear.com/7.x/avataaars/svg?seed=Kabir%20Banerjee
prof_0327,usr_0327,Shaurya Shetty,athlete327@demo.kreedatech.local,+91 8832035327,2007-01-04,male,West Bengal,Kolkata,Salt Lake,District,Kerala Blasters Youth,186,76,https://api.dicebear.com/7.x/avataaars/svg?seed=Shaurya%20Shetty
prof_0328,usr_0328,Kabir Rao,athlete328@demo.kreedatech.local,+91 9319361509,2001-12-16,male,Telangana,Hyderabad,Gachibowli,State,Haryana Heroes,180,77,https://api.dicebear.com/7.x/avataaars/svg?seed=Kabir%20Rao
prof_0329,usr_0329,Shruti Pawar,athlete329@demo.kreedatech.local,+91 8728101470,1998-02-07,female,Delhi,Noida,Sector 137,State,North East United Academy,174,56,https://api.dicebear.com/7.x/avataaars/svg?seed=Shruti%20Pawar
prof_0330,usr_0330,Anirudh Dutta,athlete330@demo.kreedatech.local,+91 9997249579,2005-03-20,male,West Bengal,Kolkata,Ballygunge,State,Maharashtra Athletics Club,178,80,https://api.dicebear.com/7.x/avataaars/svg?seed=Anirudh%20Dutta
prof_0331,usr_0331,Priya Chowdhury,athlete331@demo.kreedatech.local,+91 9451058321,2008-07-26,female,Karnataka,Mysore,Vijayanagar,State,Delhi Capitals Academy,178,59,https://api.dicebear.com/7.x/avataaars/svg?seed=Priya%20Chowdhury
prof_0332,usr_0332,Arjun Singh,athlete332@demo.kreedatech.local,+91 9790415247,2005-02-18,male,Bihar,Patna,Boring Road,State,UP Strikers,171,77,https://api.dicebear.com/7.x/avataaars/svg?seed=Arjun%20Singh
prof_0333,usr_0333,Aman Joshi,athlete333@demo.kreedatech.local,+91 7055546984,2000-04-26,male,Maharashtra,Mumbai,Powai,District,Haryana Heroes,165,64,https://api.dicebear.com/7.x/avataaars/svg?seed=Aman%20Joshi
prof_0334,usr_0334,Chetan Mishra,athlete334@demo.kreedatech.local,+91 7011350270,2002-03-12,male,Uttar Pradesh,Lucknow,Aliganj,State,Bengaluru Bulls Youth,165,69,https://api.dicebear.com/7.x/avataaars/svg?seed=Chetan%20Mishra
prof_0335,usr_0335,Avani Shetty,athlete335@demo.kreedatech.local,+91 7033390515,2003-10-25,female,Uttar Pradesh,Varanasi,Sigra,National,Haryana Heroes,177,65,https://api.dicebear.com/7.x/avataaars/svg?seed=Avani%20Shetty
prof_0336,usr_0336,Ayaan Chawla,athlete336@demo.kreedatech.local,+91 9788328920,1996-06-11,male,Telangana,Hyderabad,Gachibowli,District,Haryana Heroes,182,71,https://api.dicebear.com/7.x/avataaars/svg?seed=Ayaan%20Chawla
prof_0337,usr_0337,Prasant Khanna,athlete337@demo.kreedatech.local,+91 9753936011,2005-03-09,male,Bihar,Patna,Boring Road,National,Mumbai Warriors AC,167,78,https://api.dicebear.com/7.x/avataaars/svg?seed=Prasant%20Khanna
prof_0338,usr_0338,Karan Chowdhury,athlete338@demo.kreedatech.local,+91 9444914743,2003-09-11,male,West Bengal,Kolkata,Park Street,State,Tamil Nadu Tigers,172,79,https://api.dicebear.com/7.x/avataaars/svg?seed=Karan%20Chowdhury
prof_0339,usr_0339,Sunita Nayak,athlete339@demo.kreedatech.local,+91 8818877878,2005-02-08,female,Uttar Pradesh,Lucknow,Hazratganj,District,Rajasthan Royals Academy,171,62,https://api.dicebear.com/7.x/avataaars/svg?seed=Sunita%20Nayak
prof_0340,usr_0340,Richa Mukherjee,athlete340@demo.kreedatech.local,+91 9840613741,2005-09-09,female,Telangana,Hyderabad,Jubilee Hills,District,Kerala Blasters Youth,161,56,https://api.dicebear.com/7.x/avataaars/svg?seed=Richa%20Mukherjee
prof_0341,usr_0341,Neha Sharma,athlete341@demo.kreedatech.local,+91 9992523321,2008-09-22,female,Delhi,New Delhi,Connaught Place,State,Kerala Blasters Youth,154,57,https://api.dicebear.com/7.x/avataaars/svg?seed=Neha%20Sharma
prof_0342,usr_0342,Chetan Sethi,athlete342@demo.kreedatech.local,+91 8836783167,1998-03-20,male,Maharashtra,Mumbai,Thane,State,Goa Athletics Association,188,73,https://api.dicebear.com/7.x/avataaars/svg?seed=Chetan%20Sethi
prof_0343,usr_0343,Atharv Nayak,athlete343@demo.kreedatech.local,+91 9378765291,1998-01-01,male,Tamil Nadu,Coimbatore,Peelamedu,District,Bengaluru Bulls Youth,174,77,https://api.dicebear.com/7.x/avataaars/svg?seed=Atharv%20Nayak
prof_0344,usr_0344,Nikhil Shetty,athlete344@demo.kreedatech.local,+91 8758236626,2005-08-25,male,Bihar,Patna,Boring Road,District,North East United Academy,181,69,https://api.dicebear.com/7.x/avataaars/svg?seed=Nikhil%20Shetty
prof_0345,usr_0345,Siddharth Mukherjee,athlete345@demo.kreedatech.local,+91 9877471137,1996-03-19,male,Tamil Nadu,Coimbatore,Gandhipuram,District,Haryana Heroes,180,74,https://api.dicebear.com/7.x/avataaars/svg?seed=Siddharth%20Mukherjee
prof_0346,usr_0346,Anirudh Kapoor,athlete346@demo.kreedatech.local,+91 9386880478,2004-08-08,male,Uttar Pradesh,Varanasi,Sigra,State,Punjab Lions FC,189,79,https://api.dicebear.com/7.x/avataaars/svg?seed=Anirudh%20Kapoor
prof_0347,usr_0347,Prasant Tripathi,athlete347@demo.kreedatech.local,+91 8763620875,2005-04-06,male,Karnataka,Mysore,Gokulam,International,Punjab Lions FC,172,69,https://api.dicebear.com/7.x/avataaars/svg?seed=Prasant%20Tripathi
prof_0348,usr_0348,Ananya Sen,athlete348@demo.kreedatech.local,+91 9842687292,1999-12-14,female,Karnataka,Bangalore,Indiranagar,District,Rajasthan Royals Academy,155,64,https://api.dicebear.com/7.x/avataaars/svg?seed=Ananya%20Sen
prof_0349,usr_0349,Ayaan Banerjee,athlete349@demo.kreedatech.local,+91 9360360538,2004-12-05,male,West Bengal,Kolkata,Ballygunge,District,Rajasthan Royals Academy,172,72,https://api.dicebear.com/7.x/avataaars/svg?seed=Ayaan%20Banerjee
prof_0350,usr_0350,Payal Tripathi,athlete350@demo.kreedatech.local,+91 9867283712,2006-04-13,female,Uttar Pradesh,Varanasi,Bhelupur,District,Bengaluru Bulls Youth,173,64,https://api.dicebear.com/7.x/avataaars/svg?seed=Payal%20Tripathi
prof_0351,usr_0351,Dev Malhotra,athlete351@demo.kreedatech.local,+91 9796927700,2004-01-25,male,Bihar,Patna,Kankarbagh,District,Mumbai Warriors AC,185,81,https://api.dicebear.com/7.x/avataaars/svg?seed=Dev%20Malhotra
prof_0352,usr_0352,Harsh Pillai,athlete352@demo.kreedatech.local,+91 9730770349,2001-05-07,male,Delhi,Noida,Greater Noida,State,North East United Academy,166,73,https://api.dicebear.com/7.x/avataaars/svg?seed=Harsh%20Pillai
prof_0353,usr_0353,Swati Nair,athlete353@demo.kreedatech.local,+91 9481995902,2004-09-23,female,Tamil Nadu,Coimbatore,RS Puram,District,Kerala Blasters Youth,158,66,https://api.dicebear.com/7.x/avataaars/svg?seed=Swati%20Nair
prof_0354,usr_0354,Aarav Tripathi,athlete354@demo.kreedatech.local,+91 9997238545,2005-09-04,male,Haryana,Gurugram,Golf Course Road,District,Haryana Heroes,180,85,https://api.dicebear.com/7.x/avataaars/svg?seed=Aarav%20Tripathi
prof_0355,usr_0355,Divya Menon,athlete355@demo.kreedatech.local,+91 9317731238,2005-06-26,female,Haryana,Gurugram,Golf Course Road,State,Hyderabad Strikers,159,60,https://api.dicebear.com/7.x/avataaars/svg?seed=Divya%20Menon
prof_0356,usr_0356,Rahul Khanna,athlete356@demo.kreedatech.local,+91 9416280540,1999-12-13,male,West Bengal,Kolkata,Salt Lake,District,Goa Athletics Association,183,82,https://api.dicebear.com/7.x/avataaars/svg?seed=Rahul%20Khanna
prof_0357,usr_0357,Anita Tiwari,athlete357@demo.kreedatech.local,+91 9373532067,2002-05-21,female,West Bengal,Kolkata,Park Street,District,Bengaluru Bulls Youth,173,62,https://api.dicebear.com/7.x/avataaars/svg?seed=Anita%20Tiwari
prof_0358,usr_0358,Myra Chawla,athlete358@demo.kreedatech.local,+91 8816994514,1999-01-19,female,Maharashtra,Nagpur,Dharampeth,District,Rajasthan Royals Academy,174,68,https://api.dicebear.com/7.x/avataaars/svg?seed=Myra%20Chawla
prof_0359,usr_0359,Manish Sen,athlete359@demo.kreedatech.local,+91 8814754587,1999-09-20,male,West Bengal,Kolkata,Alipore,National,North East United Academy,170,66,https://api.dicebear.com/7.x/avataaars/svg?seed=Manish%20Sen
prof_0360,usr_0360,Dev Malhotra,athlete360@demo.kreedatech.local,+91 7052015149,2002-09-09,male,Telangana,Hyderabad,Madhapur,District,Hyderabad Strikers,172,72,https://api.dicebear.com/7.x/avataaars/svg?seed=Dev%20Malhotra
prof_0361,usr_0361,Rashmi Sen,athlete361@demo.kreedatech.local,+91 9431507255,2000-05-11,female,Uttar Pradesh,Lucknow,Gomti Nagar,National,North East United Academy,169,63,https://api.dicebear.com/7.x/avataaars/svg?seed=Rashmi%20Sen
prof_0362,usr_0362,Prasant Das,athlete362@demo.kreedatech.local,+91 9390015403,1996-07-10,male,Uttar Pradesh,Lucknow,Hazratganj,State,Rajasthan Royals Academy,169,64,https://api.dicebear.com/7.x/avataaars/svg?seed=Prasant%20Das
prof_0363,usr_0363,Gaurav Rao,athlete363@demo.kreedatech.local,+91 9951184589,1998-05-05,male,Bihar,Patna,Rajendra Nagar,District,Bengaluru Bulls Youth,179,77,https://api.dicebear.com/7.x/avataaars/svg?seed=Gaurav%20Rao
prof_0364,usr_0364,Varun Kumar,athlete364@demo.kreedatech.local,+91 9842078904,2007-10-23,male,Bihar,Patna,Rajendra Nagar,District,Delhi Capitals Academy,192,79,https://api.dicebear.com/7.x/avataaars/svg?seed=Varun%20Kumar
prof_0365,usr_0365,Priya Mishra,athlete365@demo.kreedatech.local,+91 9747074454,1998-11-25,female,West Bengal,Kolkata,Alipore,National,Hyderabad Strikers,157,60,https://api.dicebear.com/7.x/avataaars/svg?seed=Priya%20Mishra
prof_0366,usr_0366,Avani Deshmukh,athlete366@demo.kreedatech.local,+91 9753952465,2004-11-22,female,Tamil Nadu,Madurai,KK Nagar,State,Delhi Capitals Academy,173,57,https://api.dicebear.com/7.x/avataaars/svg?seed=Avani%20Deshmukh
prof_0367,usr_0367,Dinesh Gupta,athlete367@demo.kreedatech.local,+91 9483353994,2002-08-03,male,Karnataka,Mysore,Vontikoppal,National,Punjab Lions FC,172,71,https://api.dicebear.com/7.x/avataaars/svg?seed=Dinesh%20Gupta
prof_0368,usr_0368,Nisha Yadav,athlete368@demo.kreedatech.local,+91 8794389463,2008-06-03,female,Uttar Pradesh,Agra,Taj Ganj,State,Kolkata Runners,164,61,https://api.dicebear.com/7.x/avataaars/svg?seed=Nisha%20Yadav
prof_0369,usr_0369,Rohan Tripathi,athlete369@demo.kreedatech.local,+91 9413335829,2000-02-10,male,Maharashtra,Nashik,College Road,District,Maharashtra Athletics Club,189,83,https://api.dicebear.com/7.x/avataaars/svg?seed=Rohan%20Tripathi
prof_0370,usr_0370,Rajesh Mehta,athlete370@demo.kreedatech.local,+91 8784078468,2005-06-04,male,Maharashtra,Nashik,Panchavati,District,Bengaluru Bulls Youth,187,75,https://api.dicebear.com/7.x/avataaars/svg?seed=Rajesh%20Mehta
prof_0371,usr_0371,Rajesh Mukherjee,athlete371@demo.kreedatech.local,+91 8876520551,1999-05-16,male,Punjab,Ludhiana,Civil Lines,State,Kerala Blasters Youth,182,75,https://api.dicebear.com/7.x/avataaars/svg?seed=Rajesh%20Mukherjee
prof_0372,usr_0372,Shreya Pawar,athlete372@demo.kreedatech.local,+91 9871379520,2005-09-08,female,Maharashtra,Nagpur,Dharampeth,State,Rajasthan Royals Academy,165,68,https://api.dicebear.com/7.x/avataaars/svg?seed=Shreya%20Pawar
prof_0373,usr_0373,Sachin Bose,athlete373@demo.kreedatech.local,+91 8722634047,2000-08-03,male,Telangana,Hyderabad,Banjara Hills,District,Bengaluru Bulls Youth,171,70,https://api.dicebear.com/7.x/avataaars/svg?seed=Sachin%20Bose
prof_0374,usr_0374,Shaurya Singh,athlete374@demo.kreedatech.local,+91 9748519905,2008-04-24,male,Uttar Pradesh,Agra,Taj Ganj,District,Kerala Blasters Youth,171,77,https://api.dicebear.com/7.x/avataaars/svg?seed=Shaurya%20Singh
prof_0375,usr_0375,Kunal Sharma,athlete375@demo.kreedatech.local,+91 7014406094,2000-04-24,male,Punjab,Ludhiana,Sarabha Nagar,State,Goa Athletics Association,177,80,https://api.dicebear.com/7.x/avataaars/svg?seed=Kunal%20Sharma
prof_0376,usr_0376,Anita Sen,athlete376@demo.kreedatech.local,+91 9770003800,1996-03-05,female,Delhi,Noida,Sector 18,State,Haryana Heroes,173,67,https://api.dicebear.com/7.x/avataaars/svg?seed=Anita%20Sen
prof_0377,usr_0377,Ayaan Mehta,athlete377@demo.kreedatech.local,+91 9338542179,2007-11-25,male,Bihar,Patna,Kankarbagh,District,Punjab Lions FC,188,79,https://api.dicebear.com/7.x/avataaars/svg?seed=Ayaan%20Mehta
prof_0378,usr_0378,Krishna Banerjee,athlete378@demo.kreedatech.local,+91 8783519499,2000-09-08,male,Maharashtra,Nashik,Indira Nagar,State,Rajasthan Royals Academy,166,73,https://api.dicebear.com/7.x/avataaars/svg?seed=Krishna%20Banerjee
prof_0379,usr_0379,Alok Mukherjee,athlete379@demo.kreedatech.local,+91 8884800606,2005-11-15,male,Telangana,Hyderabad,Jubilee Hills,District,North East United Academy,184,77,https://api.dicebear.com/7.x/avataaars/svg?seed=Alok%20Mukherjee
prof_0380,usr_0380,Shaurya Gupta,athlete380@demo.kreedatech.local,+91 9338385313,2008-01-15,male,Maharashtra,Nashik,Indira Nagar,National,Kerala Blasters Youth,177,76,https://api.dicebear.com/7.x/avataaars/svg?seed=Shaurya%20Gupta
prof_0381,usr_0381,Anirudh Bhasin,athlete381@demo.kreedatech.local,+91 9764032449,2003-08-16,male,Uttar Pradesh,Lucknow,Gomti Nagar,District,Kerala Blasters Youth,192,84,https://api.dicebear.com/7.x/avataaars/svg?seed=Anirudh%20Bhasin
prof_0382,usr_0382,Amit Singh,athlete382@demo.kreedatech.local,+91 9860402823,1996-07-08,male,West Bengal,Kolkata,Ballygunge,National,Gujarat Giants Youth,170,73,https://api.dicebear.com/7.x/avataaars/svg?seed=Amit%20Singh
prof_0383,usr_0383,Bhavna Sen,athlete383@demo.kreedatech.local,+91 9817528721,2003-08-01,female,West Bengal,Kolkata,Salt Lake,State,North East United Academy,161,58,https://api.dicebear.com/7.x/avataaars/svg?seed=Bhavna%20Sen
prof_0384,usr_0384,Kartik Mishra,athlete384@demo.kreedatech.local,+91 9723255730,1997-10-24,male,Telangana,Hyderabad,HITECH City,District,Goa Athletics Association,183,70,https://api.dicebear.com/7.x/avataaars/svg?seed=Kartik%20Mishra
prof_0385,usr_0385,Payal Bose,athlete385@demo.kreedatech.local,+91 9334962242,2000-10-14,female,Telangana,Hyderabad,Jubilee Hills,District,Kolkata Runners,155,50,https://api.dicebear.com/7.x/avataaars/svg?seed=Payal%20Bose
prof_0386,usr_0386,Deepika Gupta,athlete386@demo.kreedatech.local,+91 8873582409,2000-06-06,female,Punjab,Ludhiana,Model Town,National,Tamil Nadu Tigers,166,60,https://api.dicebear.com/7.x/avataaars/svg?seed=Deepika%20Gupta
prof_0387,usr_0387,Dev Deshmukh,athlete387@demo.kreedatech.local,+91 8747433432,1997-09-13,male,Karnataka,Bangalore,Koramangala,National,UP Strikers,184,77,https://api.dicebear.com/7.x/avataaars/svg?seed=Dev%20Deshmukh
prof_0388,usr_0388,Richa Patel,athlete388@demo.kreedatech.local,+91 9975604949,2002-04-12,female,Punjab,Ludhiana,Sarabha Nagar,International,North East United Academy,170,59,https://api.dicebear.com/7.x/avataaars/svg?seed=Richa%20Patel
prof_0389,usr_0389,Rohan Dutta,athlete389@demo.kreedatech.local,+91 8716559873,2006-07-18,male,West Bengal,Kolkata,New Town,State,North East United Academy,184,83,https://api.dicebear.com/7.x/avataaars/svg?seed=Rohan%20Dutta
prof_0390,usr_0390,Rohan Verma,athlete390@demo.kreedatech.local,+91 8832969490,1999-04-27,male,Delhi,Noida,Sector 18,District,Kolkata Runners,187,71,https://api.dicebear.com/7.x/avataaars/svg?seed=Rohan%20Verma
prof_0391,usr_0391,Swati Patel,athlete391@demo.kreedatech.local,+91 9334309760,1999-08-19,female,Punjab,Ludhiana,Sarabha Nagar,District,Kolkata Runners,175,61,https://api.dicebear.com/7.x/avataaars/svg?seed=Swati%20Patel
prof_0392,usr_0392,Sakshi Sharma,athlete392@demo.kreedatech.local,+91 8891295196,1998-11-19,female,Karnataka,Mysore,Gokulam,National,Mumbai Warriors AC,170,65,https://api.dicebear.com/7.x/avataaars/svg?seed=Sakshi%20Sharma
prof_0393,usr_0393,Sakshi Pandey,athlete393@demo.kreedatech.local,+91 7069476631,2008-05-22,female,Karnataka,Mangalore,Kadri,State,Haryana Heroes,177,65,https://api.dicebear.com/7.x/avataaars/svg?seed=Sakshi%20Pandey
prof_0394,usr_0394,Neha Bose,athlete394@demo.kreedatech.local,+91 9313192026,2006-08-24,female,Bihar,Patna,Rajendra Nagar,District,Hyderabad Strikers,159,60,https://api.dicebear.com/7.x/avataaars/svg?seed=Neha%20Bose
prof_0395,usr_0395,Aditi Menon,athlete395@demo.kreedatech.local,+91 9756161333,1996-10-27,female,Delhi,New Delhi,Rohini,National,Haryana Heroes,170,58,https://api.dicebear.com/7.x/avataaars/svg?seed=Aditi%20Menon
prof_0396,usr_0396,Sneha Shetty,athlete396@demo.kreedatech.local,+91 8879596520,2007-04-16,female,Karnataka,Bangalore,Electronic City,State,Rajasthan Royals Academy,161,52,https://api.dicebear.com/7.x/avataaars/svg?seed=Sneha%20Shetty
prof_0397,usr_0397,Atharv Malhotra,athlete397@demo.kreedatech.local,+91 9389705784,2005-11-07,male,West Bengal,Kolkata,Park Street,State,Goa Athletics Association,190,86,https://api.dicebear.com/7.x/avataaars/svg?seed=Atharv%20Malhotra
prof_0398,usr_0398,Dinesh Pandey,athlete398@demo.kreedatech.local,+91 7048133289,2006-11-27,male,Tamil Nadu,Chennai,Velachery,District,Goa Athletics Association,184,83,https://api.dicebear.com/7.x/avataaars/svg?seed=Dinesh%20Pandey
prof_0399,usr_0399,Tarun Mehta,athlete399@demo.kreedatech.local,+91 8766093310,2001-06-21,male,Haryana,Gurugram,Golf Course Road,State,Tamil Nadu Tigers,184,74,https://api.dicebear.com/7.x/avataaars/svg?seed=Tarun%20Mehta
prof_0400,usr_0400,Myra Deshmukh,athlete400@demo.kreedatech.local,+91 9727501556,2006-08-19,female,Tamil Nadu,Madurai,Anna Nagar,District,Kerala Blasters Youth,159,65,https://api.dicebear.com/7.x/avataaars/svg?seed=Myra%20Deshmukh
prof_0401,usr_0401,Aman Khanna,athlete401@demo.kreedatech.local,+91 9878904010,2007-11-24,male,Punjab,Amritsar,Ranjit Avenue,District,Hyderabad Strikers,166,66,https://api.dicebear.com/7.x/avataaars/svg?seed=Aman%20Khanna
prof_0402,usr_0402,Yash Khanna,athlete402@demo.kreedatech.local,+91 9411156756,2006-06-26,male,Bihar,Patna,Boring Road,State,UP Strikers,191,74,https://api.dicebear.com/7.x/avataaars/svg?seed=Yash%20Khanna
prof_0403,usr_0403,Aditya Kumar,athlete403@demo.kreedatech.local,+91 8777695049,2001-08-01,male,Delhi,New Delhi,Dwarka,District,Goa Athletics Association,182,78,https://api.dicebear.com/7.x/avataaars/svg?seed=Aditya%20Kumar
prof_0404,usr_0404,Vandana Tiwari,athlete404@demo.kreedatech.local,+91 9324068433,1996-02-24,female,West Bengal,Kolkata,New Town,State,Kerala Blasters Youth,175,74,https://api.dicebear.com/7.x/avataaars/svg?seed=Vandana%20Tiwari
prof_0405,usr_0405,Vihaan Rao,athlete405@demo.kreedatech.local,+91 9752542077,2001-12-27,male,Punjab,Ludhiana,Model Town,District,Gujarat Giants Youth,178,82,https://api.dicebear.com/7.x/avataaars/svg?seed=Vihaan%20Rao
prof_0406,usr_0406,Rahul Gupta,athlete406@demo.kreedatech.local,+91 7034861849,2004-09-18,male,Karnataka,Bangalore,Koramangala,State,Hyderabad Strikers,187,75,https://api.dicebear.com/7.x/avataaars/svg?seed=Rahul%20Gupta
prof_0407,usr_0407,Rajesh Chowdhury,athlete407@demo.kreedatech.local,+91 9731318440,2000-07-20,male,Uttar Pradesh,Lucknow,Aliganj,State,Rajasthan Royals Academy,175,72,https://api.dicebear.com/7.x/avataaars/svg?seed=Rajesh%20Chowdhury
prof_0408,usr_0408,Neeraj Bose,athlete408@demo.kreedatech.local,+91 7098545199,1996-02-21,male,Bihar,Patna,Boring Road,State,Rajasthan Royals Academy,180,85,https://api.dicebear.com/7.x/avataaars/svg?seed=Neeraj%20Bose
prof_0409,usr_0409,Ayush Joshi,athlete409@demo.kreedatech.local,+91 9313116043,1998-07-14,male,Telangana,Hyderabad,HITECH City,District,Punjab Lions FC,170,78,https://api.dicebear.com/7.x/avataaars/svg?seed=Ayush%20Joshi
prof_0410,usr_0410,Vihaan Chawla,athlete410@demo.kreedatech.local,+91 8820887163,2008-06-12,male,Punjab,Amritsar,Ranjit Avenue,National,Rajasthan Royals Academy,174,75,https://api.dicebear.com/7.x/avataaars/svg?seed=Vihaan%20Chawla
prof_0411,usr_0411,Vandana Sharma,athlete411@demo.kreedatech.local,+91 9760592874,2007-12-28,female,Uttar Pradesh,Varanasi,Bhelupur,State,Maharashtra Athletics Club,160,62,https://api.dicebear.com/7.x/avataaars/svg?seed=Vandana%20Sharma
prof_0412,usr_0412,Rohit Patel,athlete412@demo.kreedatech.local,+91 9933996373,1998-10-13,male,Haryana,Gurugram,DLF Phase 5,District,North East United Academy,183,86,https://api.dicebear.com/7.x/avataaars/svg?seed=Rohit%20Patel
prof_0413,usr_0413,Bhavna Bhasin,athlete413@demo.kreedatech.local,+91 8839318902,1996-04-06,female,Maharashtra,Nagpur,Wardha Road,State,Gujarat Giants Youth,176,62,https://api.dicebear.com/7.x/avataaars/svg?seed=Bhavna%20Bhasin
prof_0414,usr_0414,Anushka Yadav,athlete414@demo.kreedatech.local,+91 7016032696,2008-05-28,female,Telangana,Hyderabad,Jubilee Hills,State,Goa Athletics Association,161,60,https://api.dicebear.com/7.x/avataaars/svg?seed=Anushka%20Yadav
prof_0415,usr_0415,Siddharth Tripathi,athlete415@demo.kreedatech.local,+91 9348557227,1997-04-03,male,Delhi,New Delhi,Dwarka,District,Mumbai Warriors AC,173,80,https://api.dicebear.com/7.x/avataaars/svg?seed=Siddharth%20Tripathi
prof_0416,usr_0416,Suman Bhat,athlete416@demo.kreedatech.local,+91 8753860915,1999-02-09,female,Delhi,New Delhi,Rohini,International,North East United Academy,177,58,https://api.dicebear.com/7.x/avataaars/svg?seed=Suman%20Bhat
prof_0417,usr_0417,Vikram Kulkarni,athlete417@demo.kreedatech.local,+91 7062216348,2008-12-24,male,Tamil Nadu,Madurai,Anna Nagar,District,Mumbai Warriors AC,188,75,https://api.dicebear.com/7.x/avataaars/svg?seed=Vikram%20Kulkarni
prof_0418,usr_0418,Suman Menon,athlete418@demo.kreedatech.local,+91 8766012283,2006-11-15,female,Tamil Nadu,Coimbatore,Peelamedu,International,Haryana Heroes,178,66,https://api.dicebear.com/7.x/avataaars/svg?seed=Suman%20Menon
prof_0419,usr_0419,Chahat Sen,athlete419@demo.kreedatech.local,+91 8733484677,1998-12-09,female,Maharashtra,Pune,Viman Nagar,National,Tamil Nadu Tigers,155,59,https://api.dicebear.com/7.x/avataaars/svg?seed=Chahat%20Sen
prof_0420,usr_0420,Anya Menon,athlete420@demo.kreedatech.local,+91 9482414612,2004-12-15,female,Karnataka,Hubli,Gokul Road,District,Delhi Capitals Academy,173,73,https://api.dicebear.com/7.x/avataaars/svg?seed=Anya%20Menon
prof_0421,usr_0421,Vikram Tripathi,athlete421@demo.kreedatech.local,+91 8884281028,2003-12-13,male,Haryana,Gurugram,DLF Phase 5,State,Tamil Nadu Tigers,190,74,https://api.dicebear.com/7.x/avataaars/svg?seed=Vikram%20Tripathi
prof_0422,usr_0422,Kartik Agarwal,athlete422@demo.kreedatech.local,+91 9425208389,2000-05-21,male,Tamil Nadu,Coimbatore,Gandhipuram,National,Punjab Lions FC,186,80,https://api.dicebear.com/7.x/avataaars/svg?seed=Kartik%20Agarwal
prof_0423,usr_0423,Anirudh Bhasin,athlete423@demo.kreedatech.local,+91 9829669942,2008-04-03,male,Maharashtra,Pune,Shivaji Nagar,State,UP Strikers,187,75,https://api.dicebear.com/7.x/avataaars/svg?seed=Anirudh%20Bhasin
prof_0424,usr_0424,Tarun Bose,athlete424@demo.kreedatech.local,+91 9335194012,2004-11-06,male,Maharashtra,Mumbai,Thane,District,Maharashtra Athletics Club,192,92,https://api.dicebear.com/7.x/avataaars/svg?seed=Tarun%20Bose
prof_0425,usr_0425,Rishabh Sharma,athlete425@demo.kreedatech.local,+91 9758382839,2006-07-12,male,Telangana,Hyderabad,Gachibowli,District,Gujarat Giants Youth,187,79,https://api.dicebear.com/7.x/avataaars/svg?seed=Rishabh%20Sharma
prof_0426,usr_0426,Anirudh Bhat,athlete426@demo.kreedatech.local,+91 9442509763,2005-11-19,male,Bihar,Patna,Kankarbagh,District,Tamil Nadu Tigers,177,76,https://api.dicebear.com/7.x/avataaars/svg?seed=Anirudh%20Bhat
prof_0427,usr_0427,Geeta Nayak,athlete427@demo.kreedatech.local,+91 8870808687,1999-11-07,female,Delhi,New Delhi,Rohini,District,Mumbai Warriors AC,161,55,https://api.dicebear.com/7.x/avataaars/svg?seed=Geeta%20Nayak
prof_0428,usr_0428,Harsh Verma,athlete428@demo.kreedatech.local,+91 9824182455,2007-07-19,male,Haryana,Gurugram,DLF Phase 5,District,Delhi Capitals Academy,185,89,https://api.dicebear.com/7.x/avataaars/svg?seed=Harsh%20Verma
prof_0429,usr_0429,Isha Tiwari,athlete429@demo.kreedatech.local,+91 9463909618,1999-04-07,female,Telangana,Hyderabad,Gachibowli,District,Kerala Blasters Youth,175,58,https://api.dicebear.com/7.x/avataaars/svg?seed=Isha%20Tiwari
prof_0430,usr_0430,Nisha Patel,athlete430@demo.kreedatech.local,+91 7065818954,2000-02-25,female,Delhi,Noida,Greater Noida,State,Mumbai Warriors AC,167,62,https://api.dicebear.com/7.x/avataaars/svg?seed=Nisha%20Patel
prof_0431,usr_0431,Kunal Patil,athlete431@demo.kreedatech.local,+91 9357309832,2002-12-11,male,West Bengal,Kolkata,Ballygunge,District,Maharashtra Athletics Club,176,74,https://api.dicebear.com/7.x/avataaars/svg?seed=Kunal%20Patil
prof_0432,usr_0432,Meera Tiwari,athlete432@demo.kreedatech.local,+91 9999526426,1998-07-19,female,Uttar Pradesh,Lucknow,Aliganj,National,UP Strikers,163,64,https://api.dicebear.com/7.x/avataaars/svg?seed=Meera%20Tiwari
prof_0433,usr_0433,Rahul Rao,athlete433@demo.kreedatech.local,+91 9486101626,1996-02-13,male,Uttar Pradesh,Lucknow,Aliganj,District,Mumbai Warriors AC,172,67,https://api.dicebear.com/7.x/avataaars/svg?seed=Rahul%20Rao
prof_0434,usr_0434,Anirudh Deshmukh,athlete434@demo.kreedatech.local,+91 9788455059,2006-07-08,male,Delhi,Noida,Greater Noida,District,Kolkata Runners,181,76,https://api.dicebear.com/7.x/avataaars/svg?seed=Anirudh%20Deshmukh
prof_0435,usr_0435,Reyansh Kulkarni,athlete435@demo.kreedatech.local,+91 8819067129,1997-04-27,male,Tamil Nadu,Madurai,KK Nagar,State,Delhi Capitals Academy,189,79,https://api.dicebear.com/7.x/avataaars/svg?seed=Reyansh%20Kulkarni
prof_0436,usr_0436,Rashmi Malhotra,athlete436@demo.kreedatech.local,+91 9921739759,2004-01-17,female,Delhi,New Delhi,Vasant Kunj,District,Maharashtra Athletics Club,167,60,https://api.dicebear.com/7.x/avataaars/svg?seed=Rashmi%20Malhotra
prof_0437,usr_0437,Dinesh Rao,athlete437@demo.kreedatech.local,+91 7025903533,2003-10-13,male,West Bengal,Kolkata,Salt Lake,National,UP Strikers,183,77,https://api.dicebear.com/7.x/avataaars/svg?seed=Dinesh%20Rao
prof_0438,usr_0438,Manish Kumar,athlete438@demo.kreedatech.local,+91 9442795741,2000-07-04,male,Karnataka,Bangalore,Indiranagar,National,North East United Academy,166,76,https://api.dicebear.com/7.x/avataaars/svg?seed=Manish%20Kumar
prof_0439,usr_0439,Suman Nair,athlete439@demo.kreedatech.local,+91 8853340493,2006-05-03,female,Bihar,Patna,Boring Road,National,Mumbai Warriors AC,158,65,https://api.dicebear.com/7.x/avataaars/svg?seed=Suman%20Nair
prof_0440,usr_0440,Harsh Kumar,athlete440@demo.kreedatech.local,+91 9986299373,2000-07-20,male,Punjab,Amritsar,Mall Road,District,Kerala Blasters Youth,176,74,https://api.dicebear.com/7.x/avataaars/svg?seed=Harsh%20Kumar
prof_0441,usr_0441,Vikram Reddy,athlete441@demo.kreedatech.local,+91 9729363192,1996-01-16,male,West Bengal,Kolkata,Park Street,State,Kerala Blasters Youth,188,83,https://api.dicebear.com/7.x/avataaars/svg?seed=Vikram%20Reddy
prof_0442,usr_0442,Sanjay Khanna,athlete442@demo.kreedatech.local,+91 9373733419,2008-04-26,male,Karnataka,Mangalore,Kodialbail,National,Maharashtra Athletics Club,185,76,https://api.dicebear.com/7.x/avataaars/svg?seed=Sanjay%20Khanna
prof_0443,usr_0443,Riya Rao,athlete443@demo.kreedatech.local,+91 9474918878,1999-12-08,female,Punjab,Amritsar,Mall Road,District,Kolkata Runners,169,56,https://api.dicebear.com/7.x/avataaars/svg?seed=Riya%20Rao
prof_0444,usr_0444,Tara Patel,athlete444@demo.kreedatech.local,+91 8858930205,2005-08-20,female,Uttar Pradesh,Agra,Dayalbagh,District,UP Strikers,172,65,https://api.dicebear.com/7.x/avataaars/svg?seed=Tara%20Patel
prof_0445,usr_0445,Varun Gowda,athlete445@demo.kreedatech.local,+91 9784176391,2008-01-21,male,West Bengal,Kolkata,Ballygunge,District,Haryana Heroes,174,78,https://api.dicebear.com/7.x/avataaars/svg?seed=Varun%20Gowda
prof_0446,usr_0446,Rohan Yadav,athlete446@demo.kreedatech.local,+91 9784925985,1999-04-21,male,Haryana,Gurugram,Sector 56,National,Punjab Lions FC,192,86,https://api.dicebear.com/7.x/avataaars/svg?seed=Rohan%20Yadav
prof_0447,usr_0447,Vihaan Mukherjee,athlete447@demo.kreedatech.local,+91 9959282935,2003-12-23,male,Telangana,Hyderabad,HITECH City,National,Mumbai Warriors AC,191,74,https://api.dicebear.com/7.x/avataaars/svg?seed=Vihaan%20Mukherjee
prof_0448,usr_0448,Arjun Bhasin,athlete448@demo.kreedatech.local,+91 7089586524,2007-10-08,male,Punjab,Amritsar,Mall Road,State,Mumbai Warriors AC,176,81,https://api.dicebear.com/7.x/avataaars/svg?seed=Arjun%20Bhasin
prof_0449,usr_0449,Tarun Kumar,athlete449@demo.kreedatech.local,+91 9966179766,2004-07-27,male,Tamil Nadu,Chennai,Tambaram,National,North East United Academy,183,81,https://api.dicebear.com/7.x/avataaars/svg?seed=Tarun%20Kumar
prof_0450,usr_0450,Sachin Kulkarni,athlete450@demo.kreedatech.local,+91 8726017524,2001-11-21,male,West Bengal,Kolkata,New Town,State,North East United Academy,187,80,https://api.dicebear.com/7.x/avataaars/svg?seed=Sachin%20Kulkarni
prof_0451,usr_0451,Deepak Tiwari,athlete451@demo.kreedatech.local,+91 9393447730,1996-05-06,male,West Bengal,Kolkata,Park Street,State,Goa Athletics Association,168,64,https://api.dicebear.com/7.x/avataaars/svg?seed=Deepak%20Tiwari
prof_0452,usr_0452,Anya Mukherjee,athlete452@demo.kreedatech.local,+91 9410435328,2005-05-28,female,Karnataka,Hubli,Keshwapur,District,Delhi Capitals Academy,176,67,https://api.dicebear.com/7.x/avataaars/svg?seed=Anya%20Mukherjee
prof_0453,usr_0453,Rekha Mukherjee,athlete453@demo.kreedatech.local,+91 9787739880,1997-05-19,female,Bihar,Patna,Rajendra Nagar,District,Bengaluru Bulls Youth,168,62,https://api.dicebear.com/7.x/avataaars/svg?seed=Rekha%20Mukherjee
prof_0454,usr_0454,Vivek Mukherjee,athlete454@demo.kreedatech.local,+91 8823972524,2008-07-17,male,Uttar Pradesh,Lucknow,Gomti Nagar,District,Haryana Heroes,190,78,https://api.dicebear.com/7.x/avataaars/svg?seed=Vivek%20Mukherjee
prof_0455,usr_0455,Kunal Gowda,athlete455@demo.kreedatech.local,+91 9885266876,2006-07-05,male,Haryana,Gurugram,Golf Course Road,District,Hyderabad Strikers,173,73,https://api.dicebear.com/7.x/avataaars/svg?seed=Kunal%20Gowda
prof_0456,usr_0456,Kriti Kulkarni,athlete456@demo.kreedatech.local,+91 9824637905,2005-02-24,female,Telangana,Hyderabad,Gachibowli,State,Delhi Capitals Academy,175,68,https://api.dicebear.com/7.x/avataaars/svg?seed=Kriti%20Kulkarni
prof_0457,usr_0457,Shreya Sen,athlete457@demo.kreedatech.local,+91 8731901295,1998-05-21,female,Uttar Pradesh,Varanasi,Sigra,State,Hyderabad Strikers,157,64,https://api.dicebear.com/7.x/avataaars/svg?seed=Shreya%20Sen
prof_0458,usr_0458,Anya Malhotra,athlete458@demo.kreedatech.local,+91 9788999397,2008-05-02,female,Karnataka,Mysore,Jayalakshmipuram,District,UP Strikers,156,58,https://api.dicebear.com/7.x/avataaars/svg?seed=Anya%20Malhotra
prof_0459,usr_0459,Dinesh Malhotra,athlete459@demo.kreedatech.local,+91 9830551673,2006-07-11,male,Telangana,Hyderabad,Gachibowli,District,Haryana Heroes,183,71,https://api.dicebear.com/7.x/avataaars/svg?seed=Dinesh%20Malhotra
prof_0460,usr_0460,Ayaan Banerjee,athlete460@demo.kreedatech.local,+91 8834921660,2008-02-02,male,Haryana,Gurugram,Golf Course Road,State,UP Strikers,185,85,https://api.dicebear.com/7.x/avataaars/svg?seed=Ayaan%20Banerjee
prof_0461,usr_0461,Ayush Mukherjee,athlete461@demo.kreedatech.local,+91 9978948423,1998-03-27,male,Haryana,Gurugram,Golf Course Road,District,Rajasthan Royals Academy,180,72,https://api.dicebear.com/7.x/avataaars/svg?seed=Ayush%20Mukherjee
prof_0462,usr_0462,Anirudh Dutta,athlete462@demo.kreedatech.local,+91 8725828079,2008-10-07,male,West Bengal,Kolkata,Ballygunge,State,Mumbai Warriors AC,185,72,https://api.dicebear.com/7.x/avataaars/svg?seed=Anirudh%20Dutta
prof_0463,usr_0463,Kunal Das,athlete463@demo.kreedatech.local,+91 9431515364,2006-05-25,male,Karnataka,Hubli,Gokul Road,State,Bengaluru Bulls Youth,191,80,https://api.dicebear.com/7.x/avataaars/svg?seed=Kunal%20Das
prof_0464,usr_0464,Ayush Kumar,athlete464@demo.kreedatech.local,+91 9494586817,1999-02-26,male,Maharashtra,Mumbai,Borivali,District,Kerala Blasters Youth,192,83,https://api.dicebear.com/7.x/avataaars/svg?seed=Ayush%20Kumar
prof_0465,usr_0465,Kunal Mishra,athlete465@demo.kreedatech.local,+91 9877389493,2000-12-27,male,Karnataka,Hubli,Keshwapur,International,Maharashtra Athletics Club,168,79,https://api.dicebear.com/7.x/avataaars/svg?seed=Kunal%20Mishra
prof_0466,usr_0466,Pooja Tripathi,athlete466@demo.kreedatech.local,+91 8766744386,1998-11-09,female,Bihar,Patna,Rajendra Nagar,State,UP Strikers,162,66,https://api.dicebear.com/7.x/avataaars/svg?seed=Pooja%20Tripathi
prof_0467,usr_0467,Chahat Kumar,athlete467@demo.kreedatech.local,+91 8783013535,2003-04-05,female,Tamil Nadu,Coimbatore,RS Puram,National,Delhi Capitals Academy,169,61,https://api.dicebear.com/7.x/avataaars/svg?seed=Chahat%20Kumar
prof_0468,usr_0468,Kriti Sen,athlete468@demo.kreedatech.local,+91 9411416849,2004-01-12,female,Uttar Pradesh,Kanpur,Civil Lines,State,Gujarat Giants Youth,174,61,https://api.dicebear.com/7.x/avataaars/svg?seed=Kriti%20Sen
prof_0469,usr_0469,Chetan Reddy,athlete469@demo.kreedatech.local,+91 7054821014,2004-03-26,male,Karnataka,Mysore,Jayalakshmipuram,District,Haryana Heroes,170,70,https://api.dicebear.com/7.x/avataaars/svg?seed=Chetan%20Reddy
prof_0470,usr_0470,Aditya Nair,athlete470@demo.kreedatech.local,+91 9348374535,2001-09-08,male,Telangana,Hyderabad,Banjara Hills,International,Mumbai Warriors AC,171,70,https://api.dicebear.com/7.x/avataaars/svg?seed=Aditya%20Nair
prof_0471,usr_0471,Riya Dutta,athlete471@demo.kreedatech.local,+91 8725776743,1999-06-23,female,Punjab,Ludhiana,Model Town,State,Kerala Blasters Youth,171,65,https://api.dicebear.com/7.x/avataaars/svg?seed=Riya%20Dutta
prof_0472,usr_0472,Shreya Mishra,athlete472@demo.kreedatech.local,+91 7027814107,2002-12-09,female,Karnataka,Mangalore,Kadri,District,Goa Athletics Association,173,57,https://api.dicebear.com/7.x/avataaars/svg?seed=Shreya%20Mishra
prof_0473,usr_0473,Nisha Joshi,athlete473@demo.kreedatech.local,+91 7066083432,2002-11-05,female,Telangana,Hyderabad,HITECH City,State,Tamil Nadu Tigers,169,59,https://api.dicebear.com/7.x/avataaars/svg?seed=Nisha%20Joshi
prof_0474,usr_0474,Shreya Pandey,athlete474@demo.kreedatech.local,+91 8837787416,2004-10-24,female,Karnataka,Mangalore,Kodialbail,District,Kerala Blasters Youth,158,52,https://api.dicebear.com/7.x/avataaars/svg?seed=Shreya%20Pandey
prof_0475,usr_0475,Myra Sen,athlete475@demo.kreedatech.local,+91 7049220961,2000-04-27,female,Tamil Nadu,Coimbatore,Gandhipuram,National,Bengaluru Bulls Youth,156,61,https://api.dicebear.com/7.x/avataaars/svg?seed=Myra%20Sen
prof_0476,usr_0476,Shaurya Gowda,athlete476@demo.kreedatech.local,+91 9343563683,2001-12-20,male,Tamil Nadu,Madurai,Anna Nagar,District,UP Strikers,168,79,https://api.dicebear.com/7.x/avataaars/svg?seed=Shaurya%20Gowda
prof_0477,usr_0477,Yash Singh,athlete477@demo.kreedatech.local,+91 9429326301,2008-06-02,male,Telangana,Hyderabad,Banjara Hills,District,Goa Athletics Association,192,81,https://api.dicebear.com/7.x/avataaars/svg?seed=Yash%20Singh
prof_0478,usr_0478,Prasant Yadav,athlete478@demo.kreedatech.local,+91 9943460750,2002-08-25,male,Telangana,Hyderabad,HITECH City,National,Tamil Nadu Tigers,185,74,https://api.dicebear.com/7.x/avataaars/svg?seed=Prasant%20Yadav
prof_0479,usr_0479,Gaurav Sethi,athlete479@demo.kreedatech.local,+91 9395899218,2004-05-21,male,Karnataka,Hubli,Vidya Nagar,District,North East United Academy,188,85,https://api.dicebear.com/7.x/avataaars/svg?seed=Gaurav%20Sethi
prof_0480,usr_0480,Deepika Nayak,athlete480@demo.kreedatech.local,+91 8814662353,2006-08-17,female,Uttar Pradesh,Kanpur,Swaroop Nagar,State,Maharashtra Athletics Club,177,73,https://api.dicebear.com/7.x/avataaars/svg?seed=Deepika%20Nayak
prof_0481,usr_0481,Dinesh Chowdhury,athlete481@demo.kreedatech.local,+91 8794261886,2008-06-21,male,Maharashtra,Nashik,College Road,District,Delhi Capitals Academy,192,81,https://api.dicebear.com/7.x/avataaars/svg?seed=Dinesh%20Chowdhury
prof_0482,usr_0482,Chahat Nair,athlete482@demo.kreedatech.local,+91 9944004634,2000-05-23,female,Bihar,Patna,Kankarbagh,State,Punjab Lions FC,163,57,https://api.dicebear.com/7.x/avataaars/svg?seed=Chahat%20Nair
prof_0483,usr_0483,Simran Pillai,athlete483@demo.kreedatech.local,+91 8726430962,1998-11-04,female,Haryana,Gurugram,DLF Phase 5,District,Hyderabad Strikers,173,66,https://api.dicebear.com/7.x/avataaars/svg?seed=Simran%20Pillai
prof_0484,usr_0484,Bhavna Rao,athlete484@demo.kreedatech.local,+91 7016376538,1999-02-19,female,Punjab,Amritsar,Mall Road,District,Maharashtra Athletics Club,162,63,https://api.dicebear.com/7.x/avataaars/svg?seed=Bhavna%20Rao
prof_0485,usr_0485,Shiva Sethi,athlete485@demo.kreedatech.local,+91 8740248679,2007-05-01,male,Delhi,New Delhi,Connaught Place,State,Mumbai Warriors AC,184,83,https://api.dicebear.com/7.x/avataaars/svg?seed=Shiva%20Sethi
prof_0486,usr_0486,Rahul Shetty,athlete486@demo.kreedatech.local,+91 8768243761,2007-03-27,male,Karnataka,Bangalore,Electronic City,National,Kolkata Runners,181,83,https://api.dicebear.com/7.x/avataaars/svg?seed=Rahul%20Shetty
prof_0487,usr_0487,Siddharth Gupta,athlete487@demo.kreedatech.local,+91 9359211589,1998-03-28,male,Tamil Nadu,Madurai,Anna Nagar,District,Punjab Lions FC,184,74,https://api.dicebear.com/7.x/avataaars/svg?seed=Siddharth%20Gupta
prof_0488,usr_0488,Atharv Verma,athlete488@demo.kreedatech.local,+91 9796219307,2007-04-25,male,Haryana,Gurugram,Golf Course Road,District,Punjab Lions FC,182,80,https://api.dicebear.com/7.x/avataaars/svg?seed=Atharv%20Verma
prof_0489,usr_0489,Sameer Deshmukh,athlete489@demo.kreedatech.local,+91 8789648143,2001-08-26,male,Delhi,New Delhi,Rohini,State,Kerala Blasters Youth,181,71,https://api.dicebear.com/7.x/avataaars/svg?seed=Sameer%20Deshmukh
prof_0490,usr_0490,Suresh Kapoor,athlete490@demo.kreedatech.local,+91 9798794117,1997-11-12,male,Delhi,New Delhi,Saket,International,Punjab Lions FC,188,81,https://api.dicebear.com/7.x/avataaars/svg?seed=Suresh%20Kapoor
prof_0491,usr_0491,Rajesh Sethi,athlete491@demo.kreedatech.local,+91 9825742412,2006-12-04,male,Bihar,Patna,Kankarbagh,District,Maharashtra Athletics Club,177,80,https://api.dicebear.com/7.x/avataaars/svg?seed=Rajesh%20Sethi
prof_0492,usr_0492,Abhishek Khanna,athlete492@demo.kreedatech.local,+91 9772495806,2000-12-09,male,Haryana,Gurugram,Golf Course Road,District,Bengaluru Bulls Youth,181,69,https://api.dicebear.com/7.x/avataaars/svg?seed=Abhishek%20Khanna
prof_0493,usr_0493,Dev Pandey,athlete493@demo.kreedatech.local,+91 8782965424,2004-09-20,male,Maharashtra,Mumbai,Andheri,District,Kolkata Runners,192,83,https://api.dicebear.com/7.x/avataaars/svg?seed=Dev%20Pandey
prof_0494,usr_0494,Anita Bhasin,athlete494@demo.kreedatech.local,+91 9321832661,2000-10-06,female,Delhi,New Delhi,Saket,International,Tamil Nadu Tigers,171,58,https://api.dicebear.com/7.x/avataaars/svg?seed=Anita%20Bhasin
prof_0495,usr_0495,Shiva Malhotra,athlete495@demo.kreedatech.local,+91 7017093521,2002-02-19,male,Tamil Nadu,Madurai,Anna Nagar,District,Tamil Nadu Tigers,183,79,https://api.dicebear.com/7.x/avataaars/svg?seed=Shiva%20Malhotra
prof_0496,usr_0496,Riya Agarwal,athlete496@demo.kreedatech.local,+91 9898287320,2006-04-13,female,Telangana,Hyderabad,HITECH City,District,Kolkata Runners,171,70,https://api.dicebear.com/7.x/avataaars/svg?seed=Riya%20Agarwal
prof_0497,usr_0497,Siddharth Sen,athlete497@demo.kreedatech.local,+91 8831902544,1998-11-02,male,Punjab,Amritsar,Mall Road,District,Hyderabad Strikers,188,77,https://api.dicebear.com/7.x/avataaars/svg?seed=Siddharth%20Sen
prof_0498,usr_0498,Kriti Pawar,athlete498@demo.kreedatech.local,+91 7020882312,2001-12-03,female,Tamil Nadu,Coimbatore,Peelamedu,District,Tamil Nadu Tigers,167,67,https://api.dicebear.com/7.x/avataaars/svg?seed=Kriti%20Pawar
prof_0499,usr_0499,Abhishek Patil,athlete499@demo.kreedatech.local,+91 9384227209,1999-06-06,male,Telangana,Hyderabad,Banjara Hills,District,Kerala Blasters Youth,165,76,https://api.dicebear.com/7.x/avataaars/svg?seed=Abhishek%20Patil
prof_0500,usr_0500,Preeti Gupta,athlete500@demo.kreedatech.local,+91 8714025426,2004-01-12,female,Delhi,New Delhi,Connaught Place,State,Gujarat Giants Youth,161,55,https://api.dicebear.com/7.x/avataaars/svg?seed=Preeti%20Gupta
prof_0501,usr_0501,Amit Mukherjee,athlete501@demo.kreedatech.local,+91 8832850303,2005-01-10,male,Uttar Pradesh,Kanpur,Swaroop Nagar,District,Kolkata Runners,176,79,https://api.dicebear.com/7.x/avataaars/svg?seed=Amit%20Mukherjee
prof_0502,usr_0502,Karan Patil,athlete502@demo.kreedatech.local,+91 8736138480,2008-06-27,male,Bihar,Patna,Boring Road,International,Hyderabad Strikers,166,70,https://api.dicebear.com/7.x/avataaars/svg?seed=Karan%20Patil
prof_0503,usr_0503,Sonam Bhat,athlete503@demo.kreedatech.local,+91 8766974949,2007-07-26,female,Telangana,Hyderabad,Jubilee Hills,State,Goa Athletics Association,165,69,https://api.dicebear.com/7.x/avataaars/svg?seed=Sonam%20Bhat
prof_0504,usr_0504,Neeraj Nayak,athlete504@demo.kreedatech.local,+91 9877857547,2006-07-06,male,Uttar Pradesh,Agra,Sanjay Place,State,Tamil Nadu Tigers,178,71,https://api.dicebear.com/7.x/avataaars/svg?seed=Neeraj%20Nayak
prof_0505,usr_0505,Aditya Kulkarni,athlete505@demo.kreedatech.local,+91 9395958466,2003-05-17,male,Bihar,Patna,Rajendra Nagar,District,Punjab Lions FC,178,75,https://api.dicebear.com/7.x/avataaars/svg?seed=Aditya%20Kulkarni
prof_0506,usr_0506,Amit Pillai,athlete506@demo.kreedatech.local,+91 9348973665,2000-06-01,male,Uttar Pradesh,Varanasi,Bhelupur,District,Kolkata Runners,189,81,https://api.dicebear.com/7.x/avataaars/svg?seed=Amit%20Pillai
prof_0507,usr_0507,Alok Singh,athlete507@demo.kreedatech.local,+91 9880554369,2007-11-14,male,Karnataka,Hubli,Keshwapur,International,UP Strikers,179,75,https://api.dicebear.com/7.x/avataaars/svg?seed=Alok%20Singh
prof_0508,usr_0508,Atharv Tripathi,athlete508@demo.kreedatech.local,+91 8752014540,2008-08-05,male,Delhi,Noida,Sector 18,District,Haryana Heroes,189,74,https://api.dicebear.com/7.x/avataaars/svg?seed=Atharv%20Tripathi
prof_0509,usr_0509,Aditi Pillai,athlete509@demo.kreedatech.local,+91 9382171565,2002-06-01,female,Tamil Nadu,Coimbatore,Peelamedu,District,Kerala Blasters Youth,169,61,https://api.dicebear.com/7.x/avataaars/svg?seed=Aditi%20Pillai
prof_0510,usr_0510,Prasant Mehta,athlete510@demo.kreedatech.local,+91 9767180028,1996-07-28,male,Bihar,Patna,Rajendra Nagar,District,Delhi Capitals Academy,179,75,https://api.dicebear.com/7.x/avataaars/svg?seed=Prasant%20Mehta
prof_0511,usr_0511,Karan Tripathi,athlete511@demo.kreedatech.local,+91 9317094918,1998-07-01,male,Telangana,Hyderabad,Gachibowli,State,Gujarat Giants Youth,171,77,https://api.dicebear.com/7.x/avataaars/svg?seed=Karan%20Tripathi
prof_0512,usr_0512,Rashmi Sen,athlete512@demo.kreedatech.local,+91 9944997612,2001-03-26,female,Haryana,Gurugram,DLF Phase 5,District,Kolkata Runners,163,64,https://api.dicebear.com/7.x/avataaars/svg?seed=Rashmi%20Sen
prof_0513,usr_0513,Priya Rao,athlete513@demo.kreedatech.local,+91 8738321404,2000-12-24,female,Punjab,Amritsar,Mall Road,District,Haryana Heroes,168,59,https://api.dicebear.com/7.x/avataaars/svg?seed=Priya%20Rao
prof_0514,usr_0514,Suresh Malhotra,athlete514@demo.kreedatech.local,+91 8810540497,2002-04-06,male,Karnataka,Mangalore,Kodialbail,District,Mumbai Warriors AC,176,69,https://api.dicebear.com/7.x/avataaars/svg?seed=Suresh%20Malhotra
prof_0515,usr_0515,Sonam Bhat,athlete515@demo.kreedatech.local,+91 9992610134,2000-12-18,female,Tamil Nadu,Coimbatore,RS Puram,State,Mumbai Warriors AC,173,62,https://api.dicebear.com/7.x/avataaars/svg?seed=Sonam%20Bhat
prof_0516,usr_0516,Rishabh Singh,athlete516@demo.kreedatech.local,+91 9756606847,1997-07-14,male,Tamil Nadu,Coimbatore,RS Puram,International,Delhi Capitals Academy,181,78,https://api.dicebear.com/7.x/avataaars/svg?seed=Rishabh%20Singh
prof_0517,usr_0517,Sameer Singh,athlete517@demo.kreedatech.local,+91 9338796761,1997-07-10,male,Uttar Pradesh,Varanasi,Lanka,District,Bengaluru Bulls Youth,176,79,https://api.dicebear.com/7.x/avataaars/svg?seed=Sameer%20Singh
prof_0518,usr_0518,Sachin Pawar,athlete518@demo.kreedatech.local,+91 8883930574,1997-09-07,male,Uttar Pradesh,Agra,Dayalbagh,International,Bengaluru Bulls Youth,183,70,https://api.dicebear.com/7.x/avataaars/svg?seed=Sachin%20Pawar
prof_0519,usr_0519,Atharv Khanna,athlete519@demo.kreedatech.local,+91 9324711522,2000-01-25,male,Delhi,New Delhi,Saket,District,Delhi Capitals Academy,169,76,https://api.dicebear.com/7.x/avataaars/svg?seed=Atharv%20Khanna
prof_0520,usr_0520,Anirudh Nair,athlete520@demo.kreedatech.local,+91 7086564081,2007-12-01,male,Tamil Nadu,Madurai,Tallakulam,District,Bengaluru Bulls Youth,169,76,https://api.dicebear.com/7.x/avataaars/svg?seed=Anirudh%20Nair